,5HT1a_way_hc36_savli,5HT1a_cumi_hc8_beliveau,5HT1b_az_hc36_beliveau,5HT1b_p943_hc22_savli,5HT1b_p943_hc65_gallezot,5HT2a_cimbi_hc29_beliveau,5HT2a_alt_hc19_savli,5HT2a_mdl_hc3_talbot,5HT4_sb20_hc59_beliveau,5HT6_gsk_hc30_radhakrishnan,5HTT_dasb_hc100_beliveau,5HTT_dasb_hc30_savli,A4B2_flubatine_hc30_hillmer,CB1_omar_hc77_normandin,CB1_FMPEPd2_hc22_laurikainen,D1_SCH23390_hc13_kaller,D2_fallypride_hc49_jaworska,D2_flb457_hc37_smith,D2_flb457_hc55_sandiego,D2_raclopride_hc7_alakurtti,DAT_fpcit_hc174_dukart_spect,DAT_fepe2i_hc6_sasaki,GABAa-bz_flumazenil_hc16_norgaard,GABAa_flumazenil_hc6_dukart,H3_cban_hc8_gallezot,M1_lsn_hc24_naganawa,mGluR5_abp_hc22_rosaneto,mGluR5_abp_hc28_dubois,mGluR5_abp_hc73_smart,MU_carfentanil_hc204_kantonen,MU_carfentanil_hc39_turtonen,NAT_MRB_hc77_ding,NAT_MRB_hc10_hesse,NMDA_ge179_hc29_galovic,VAChT_feobv_hc3_spreng,VAChT_feobv_hc4_tuominen,VAChT_feobv_hc5_bedard_sum,VAChT_feobv_hc18_aghourian_sum
MnR,12.140263120178929,20.720833369663783,11.408323287963867,0.7751701191450096,0.508970034973962,6.197246892111642,0.0,23.807904924665177,1.211833221571786,-0.015881843731871674,43.160287039620535,68.41944476869685,15.92679854801723,0.9996618628501892,4.6511709896634175,5.814000276150182,1.6261950140802324,1.996307475226266,2.2027197565351213,15.586000740295276,36.732723236083984,0.21156527314867293,155.5859091622489,15.273285419214517,15.913780348641533,0.14905041669096267,2.4635186195373535,1.6720022133418493,0.06091182651341244,27.676001314539462,0.9425538002930504,0.41193714312144686,57.16000271495432,6.304461780133091,4.396045122029526,,9.413115773882184,28.18455559866769
PAG_2020,16.470839598603675,13.10361847305325,12.952598533630372,26.399324323545745,0.8072658338149389,7.3755924764497225,1.9638660845899274,21.99685231950548,0.9336787461257714,-0.1893083675371276,29.511227983898586,64.01582883055259,11.885530489815606,0.8875007469124264,4.774195569032892,6.708933651990567,2.515594441876747,1.6084722579974267,2.6179050363434686,16.10580076498445,33.510189310709634,-0.13181499881359438,266.0825781086147,31.068035561963917,17.781238534715442,0.20827541414234374,2.2007875378926594,1.5290946181615193,0.06800564580321306,38.01140180544462,1.0894090380407249,0.21244563900762134,24.398429730291745,6.11723375156386,5.278858202765955,2.6453207689419127,10.34749902513292,45.28386693318685
SN_subregion1_l,3.2229893496816087,1.291409315334426,18.40315121544732,22.587218562116774,0.9389501458465173,3.3847783377224747,3.0175175874022013,21.818159399361445,2.2390207158194646,0.029999919478859514,18.004004351298015,30.911493854267835,16.606434911342678,1.214025748774336,5.047352111193054,16.818000798812136,2.26268325665945,2.4287467672319836,2.342061748645576,19.504385541793173,39.66263785729041,0.5017621470936413,166.26538713243272,21.907773753305754,22.945816195069863,0.4298117774827727,2.378201956232193,1.6583271481720685,0.08068007298573818,10.699308200497539,0.7321973651128432,0.20930228607151016,35.1381555151266,5.98094743782985,3.16707545602459,1.4895911884307862,7.844258540956845,32.98131516179428
SN_subregion2_l,2.878505808244398,1.0941223062574863,15.330305780683245,14.329050609533065,0.91542924408744,3.1871086453519215,4.174169082440489,22.200087863149367,1.6960091619264512,0.055392537217353655,15.778397855304537,30.210577630028638,16.181920971517776,1.2274610892752742,5.092652866128513,12.90480061294511,2.0907994713703504,2.432661993327248,2.317373169963383,19.842900942487177,41.87463302612305,0.46032881444481794,176.16507539411833,22.23494056648342,22.552631519231767,0.4633414225946285,2.4683799850979034,1.6757351133217766,0.11489201501690127,10.037100476736668,0.7421146034153552,0.22504486797012124,29.84620141761843,6.163533903837131,3.2810338720285492,1.5202162729369268,7.897336538198293,32.164996469135836
RN_subregion1_l,4.950102227315004,8.626265541199714,11.308916584137947,17.811038276664867,0.6752584012779029,11.061996921416252,6.244697325984623,24.04987133129223,1.8922972409955916,0.08607918233484835,28.703871634698682,66.13491765346096,19.115624226750555,1.1404463471593083,5.912377423641263,11.17114338774367,3.000687144950309,2.359895943306588,3.029976173349329,18.30914372678048,40.24703924996512,0.43658912270455746,245.4683111242346,24.902005098959698,23.769541529062632,0.41775103823558707,2.4513233159039474,1.856579759958628,0.23172337288680767,22.97300109115895,1.1881836416735085,0.47264496329668404,49.21300233749207,6.853750121351992,4.607226261296435,2.027728971980867,10.14612466451284,43.832085831100876
RN_subregion2_l,4.519113026432267,6.135621831102191,13.961909779962504,20.219868936228448,0.7070899481934626,12.679926746296433,3.514969368840948,24.47364879000014,1.833895836236342,0.09609417189002613,31.32821345779131,71.88329720751628,19.195846539188697,1.1376425857129304,5.790974469233622,12.017000570776872,2.6013657803009465,2.320096536534996,2.763946907531812,18.48155643338234,39.373298221164276,0.4796599257683408,243.935872985545,23.174535533587914,22.777039366643788,0.3645713941198616,2.5258203065337765,1.7837657698110683,0.16918415974529027,18.31877864787303,0.9581577695457861,0.5026187722521703,55.43700263311621,6.955858300761421,4.592155885028401,2.00970512170058,9.541165554581058,41.65049151176416
mRT_merged_l,5.1984890113335664,8.858679377242346,13.028915326239654,19.48420327107114,0.6614863287866786,10.58857508127202,4.843287461056932,24.98749394363232,1.7374802977669963,0.008585603023994337,27.71546300076648,62.08753364558712,16.658007386025417,1.0126055552718345,5.793530371244062,11.378333873775167,3.109543602729708,2.102501053086827,2.8733445489004756,19.957778725721354,37.82545598347982,0.12712463260931747,327.59571653216074,29.085161707519244,18.75678228742621,0.4348446108317107,2.7213328832990666,1.9630922036224536,0.3261361610181574,38.963557406225135,1.4765161917905172,0.4588908624113276,55.73950264748419,6.982904332825127,5.52076709279058,2.529103410243988,11.408974253193715,52.32106707712238
CnF_l,17.377239393857735,12.611089098687266,14.355238690095788,30.698569847609633,0.8588681115823633,6.892358700434367,0.0,21.804889230167163,0.8895951386760262,-0.22875560323397318,31.941873587814033,54.063538199952745,11.359246104371314,0.8560250880671483,4.646860036329599,6.974000331247225,2.5824662447455067,1.130387123893289,2.82562593385285,18.436000875663012,33.54798126220703,-0.18115858112772307,300.0835996141621,33.609539608703926,19.729898022670373,0.19666900441927068,2.4143548479267194,1.6173126744289024,0.08189176357094159,43.32100205763709,1.0733803992775697,0.18804541719602605,13.422000637510791,6.784038168766796,5.574175700641183,2.831855922937393,10.71314800486845,53.67045129514208
PTg_l,8.465834551231666,3.975861823274976,14.075550465356736,20.67018628708888,0.7529536357947758,4.74360621259326,2.122562355761474,24.348590487525577,1.0850717070556821,-0.029285878020649154,24.857847985767183,58.085876909935905,15.942646072024392,1.0394479845251356,4.845726462774275,7.758000368485227,1.9023877676684475,3.13681507678259,2.6180680819920132,15.05500071507413,36.5422477722168,0.20164347404525393,244.56937771751768,22.593747084145434,19.527254876636324,0.28701852581330706,2.314870351836795,1.6301535424732028,0.06898306639786392,27.10450128739467,0.8840913755616797,0.4244981542939231,27.39900130138267,6.594670389022905,4.99187294437295,1.9604759216308594,9.18966581707909,38.38020270211356
isRT_l,10.931730234997872,10.19489741936708,16.869876580360607,27.89188299208172,0.9053685328899286,10.63020061223935,2.3102511516021167,23.82450609940749,1.484331257832356,-0.08122160092581254,33.00349582769932,67.85078323577181,15.730685845399515,0.973729343750538,5.300402701167443,8.92200042377226,2.4036227719871723,2.337359498708676,2.8656999942583914,16.56200078665279,35.52790451049805,0.022901392207504846,328.13888588929785,29.747694220219273,19.484360010196003,0.3160408125855984,2.589546594864283,1.7584501214516468,0.16954486962118281,35.73166836382976,1.1827571742375285,0.4303825493806448,29.933334755090375,7.029753076789814,5.9707575890784845,2.6033618648846946,11.155968397091597,53.21202786763509
LDTg_CGPn_l,8.381603385766994,9.266968832063823,5.561590145493662,5.572679770083812,0.33907505748576894,3.2026105067822375,0.0,21.87903297779172,0.33891265706724105,-0.13166167532895193,14.701297294261844,32.646870189451874,10.575064426244692,0.846094444047573,3.4237945355760697,0.5830000276910141,0.6809575474187515,0.3693498421350743,0.9342476282008859,12.74780060548801,32.17899856567383,-0.011134553757539495,141.09679035913376,14.236177896650043,9.799825743187306,-0.07198741787443544,1.8891515191211257,1.2227521316949712,-0.08016430107994005,14.757000700919889,0.622991240917448,0.1563464914242802,15.04660071467515,6.298974556944686,4.039352741704301,2.0695102323185313,8.530225925667342,32.95512807092001
PnO_PnC_l,9.893490363236168,15.30793896317482,7.7730757258832455,4.528031355247126,0.4231862418819219,4.143424248111014,4.045228404019838,22.907193027436733,0.8905389495193958,-0.0514144764338198,20.655848797410727,43.07046702690786,13.244658514857292,0.8947436646558344,3.7289384392708897,4.705700223508757,0.8145844815330747,1.0167505561257713,1.2639095112681389,16.374000777723268,33.41236171722412,0.11991980755465192,140.33934929966927,15.540045625646599,10.67078365944326,0.037264215372033505,2.391709371469915,1.597908936906606,0.014522825271463565,20.549000976025127,0.6094173368072755,0.26920335891190916,45.58330216509057,6.480395444437477,4.292650330865854,2.2989186445871987,9.347937270998955,34.788955353200436
LC_l,,8.358214393258095,5.7133991320927935,,0.3710925144453843,1.6329639023169875,,21.69840383529663,0.30587673746049404,-0.14930405157307783,15.866270701090494,,11.240812301635742,0.8805635919173559,4.022953838517424,,0.9004862126748776,0.4241276867687702,1.1163394997517269,,,-0.02650833021228512,139.72478612263998,,11.203375577926636,-0.0442664857643346,1.8905909458796184,1.3580024242401123,-0.09418110845096332,,0.7443939456970838,0.24076617881655693,,5.874326174157129,3.8978213744121604,2.136276990175247,8.65590782960256,34.93428738911947
SubC_l,4.52742079215227,4.236001775481484,5.228566993366588,0.4608295082645597,0.35115399739959025,1.0398636143654585,2.6123844226905995,21.660615296797317,0.43842165713960474,-0.060815277208828115,11.20848383470015,24.668111542241604,12.288647304881703,0.8587131337686018,3.106653022353145,1.7105000812443905,0.3962991604274562,0.5500593272122469,0.8922123052857139,17.27600082056597,31.727038383483887,0.07071820894383232,139.6586929321289,12.491678466671146,8.260469063845548,-0.014774031886322932,2.2935894229195335,1.5062576380642978,-0.025564370056302074,11.527000547503121,0.455975669246702,0.1712332007559863,29.436001398134977,6.229794948195658,4.036329465827228,2.078346148133278,8.512137326327236,33.04823324030096
ION_l,0.0,4.952800687590317,2.785565534942463,0.0,-0.05583505691293336,5.702816212611894,0.0,19.1269771359491,0.19982081402472598,-0.07210013340062178,8.584197825924406,0.0,10.611419640534313,0.8984980228099417,2.2762851136787683,0.0,0.45894091574542045,1.0305289685303438,0.7201360417067582,13.262600629939698,28.21285171508789,-0.028168896241245647,69.4418501143022,13.163801866793074,7.299710226397142,-0.2504506469671185,1.8043270180834101,1.3861323766251827,-0.1268645275584999,5.275500250572804,0.3911260461482629,-0.07046869184973761,25.722001221729442,4.994380095389264,1.8568505410019123,1.2926527406230117,5.68600409842552,16.37145635253149
SC_l,11.523789149974277,6.403004013461831,7.828163144029217,8.234656521900973,0.4823862104504197,3.926682927246605,0.0,21.381044552649982,0.6353445508889854,-0.2830028372046388,27.292939939616637,33.039948470091986,9.261984589659138,0.7845936160028717,4.421220368285764,3.6685001742444,2.0550504477556655,0.277470024348593,1.8170934356289146,15.684000744950026,32.7927848815918,-0.2589400945990174,281.7992851351514,30.97731837176252,12.30430034354881,0.12537580926293207,1.9910334275092607,1.3375450549302277,0.059991775475327816,27.655001313542016,1.0236546864492386,0.05681230334772004,10.324667157062018,6.505056766196324,5.425770494191516,2.497746380892667,9.104349701492875,46.900086367571795
IC_l,15.665150920904125,4.9591846549720096,7.339731036639605,12.906277482011319,0.5812312452519526,2.3219276644910374,0.0,22.335932590922372,0.2694860719399707,-0.25527412480995304,14.883856265271296,25.38834825815229,9.246461453984995,0.828829008047698,4.175462504139432,0.5130000243661925,2.2685135344127345,0.8422974081801586,2.4494147789282876,14.583500692679081,30.98342514038086,-0.20320005727107407,267.158417248335,29.302064275369048,16.241140115456503,0.16872419722256113,2.1498974522606273,1.3385436642365378,0.0006517715676144704,19.242000913945958,0.8318134741327542,0.03160985330211335,0.0,6.201114944335966,2.9643788368624375,2.256149083375931,7.795569224435775,33.05567982157723
VTA_PBP_l,4.195859108440914,6.036725774527557,15.392150485326374,19.80040874080228,0.7680515269935131,9.642503624870663,4.597395441666563,22.771629004478456,1.975709110971481,0.07742205241345801,26.083085256909566,51.067275341451285,18.182726676464082,1.1742934608459472,5.475515658046546,11.78935770282156,2.735919422204315,2.4382882192730904,2.7927419942617417,19.46457235308896,40.13819694519043,0.5256264170259237,215.88158512115479,23.094433928744234,23.600983848571776,0.40666085995733736,2.266654629409313,1.7040981757640838,0.14961539988776168,19.58078664432313,0.9802064116325898,0.3699839448183775,42.14185914448795,6.497557226155623,3.655506481024495,1.7800159557112332,8.701077855825424,34.70800583362579
MiTg_spth_l,10.705893076028872,6.27442036923908,10.863057443073817,19.666128127118782,0.7498350867203304,3.3116996474564075,0.0,24.156022480555944,0.6585626811498687,-0.12123480669799305,18.082506906418573,33.89690777086798,13.754798707507906,0.9409177927743821,4.908437559584854,4.682000222383067,2.0286200408133612,2.135867734750112,2.635860653150649,15.645000743097626,34.873687744140625,-0.028963405888394585,287.68765549432663,25.14987146219937,19.200438295091903,0.3152422784339814,2.1968302811895097,1.5632488443737937,0.10920068626901844,19.919000946101733,0.946275359072024,0.2833665119750159,7.081000336329453,6.643488629792479,3.6455765536742373,2.2223833560943604,9.271693206968761,39.36736261276972
LPB_l,5.813776074716159,0.5909180725215092,3.725695989940358,0.0,0.2500861498384355,1.3392916917800903,0.0,22.53647804260254,0.12608213257044554,-0.11210594063794072,7.102161396633495,6.900235180050913,12.119854265993292,0.9725742848082022,4.377095178315358,0.0,0.8745812362308656,0.6766026440203529,1.1997250674123114,14.161000672611408,31.184566497802734,0.011293971321224077,259.3932198611173,26.58869177562883,12.888296387412332,0.050928868345429444,1.653222307562828,1.2675243331627413,-0.07227620656269872,14.934500709350687,0.7429455769732293,0.14316962456161325,15.61550074169645,5.695826447723283,2.729233890732179,1.95401850938797,8.091586443510922,26.34886052391746
MPB_l,12.202826272254441,8.486364829899935,6.370804961937577,5.19882793493386,0.38590912865613825,3.7525970484529223,0.0,22.22854098989003,0.5300511256688171,-0.12025125675014596,16.778791295948313,33.05612300474422,12.72145632843473,0.9313746432759868,4.080943114007823,4.386000208323821,1.049192023282843,0.7812222644909105,1.3671619144838247,13.601000646012835,32.80741310119629,0.02923181620009466,156.54332949510263,18.380620623822324,12.624547374782278,0.013567760447735217,1.9393068089413998,1.4121336296423157,-0.06683938735192503,23.940501137112733,0.7456492096604382,0.2741787895115454,27.63700131268706,5.72411254764432,3.777866957724831,2.2166925072669983,8.845632097614345,33.28679736692514
Ve_l,5.576167755983467,1.777302413636988,3.506824737143082,3.57860049885567,0.25918329966838893,6.265855542701833,0.8819849082639877,20.982271110310275,0.1330965537330301,-0.11233968547015798,6.089706000744128,21.56830300445758,9.990236906444325,0.856943796954903,3.0617942227216095,0.4420000209938735,0.27947076765892287,0.1050417316922297,0.6784334816769058,14.114572098977598,30.804704666137695,0.0035666945075397104,160.4430205516326,14.784532583850835,8.05936312675476,-0.10132278454165869,1.8237268907182358,1.2000266339849024,-0.11602563925195379,14.233429247480151,0.5359422715272861,0.05684256531165767,15.774000749224797,6.111306455541589,3.685487524836265,1.930144259562859,7.7521871468600105,30.18500166313321
PCRtA_l,,2.4166909903287888,3.957325726747513,,0.32899214203159016,0.2984952889382839,,21.61855634053548,0.2238009081532558,-0.013256949663627893,8.124648571014404,,12.815669218699137,0.8730228121081988,2.8258994418235184,,0.3559454805072164,0.7623829146226248,1.0138118043541908,,,0.12492897889266412,154.9832420349121,,8.124020278453827,0.008397973336589834,2.2692467470963797,1.5277735888957977,-0.03304434490883068,,0.43145471831043586,0.148374091523389,,6.090098819070893,4.276207535711971,1.951575517654419,8.59821101029714,34.81753651301066
SOC_l,6.08539064118645,8.261199514071146,6.211907386779785,0.0,0.3473385392377774,3.1825476501669203,3.9399394441953746,22.235691626866657,0.4177370456357797,-0.00048280044575221837,14.580087184906006,11.230811423411069,12.246492425600687,0.8881660004456838,2.9336136767357988,3.4550001641036943,0.6082497010720544,1.1986890162030857,1.1581931710243225,14.289000678691082,30.02190589904785,0.12465954944491386,128.98493226369223,16.83060342434328,9.058992703755697,-0.029350157400282722,2.3396249314149222,1.6011554350455601,-0.04126308030815077,27.600001310929656,0.530026242355234,0.1653935213883718,12.278000583173707,6.107182240040856,4.037057675930555,1.9533123672008514,9.561704198519388,32.76761563618978
sMRtComb_l,6.37073877474883,7.808465887973835,6.617896831952608,1.0284737740713865,0.3614190776760762,5.706845844403292,1.5411847401870027,22.119970810719025,0.36392751546242297,-0.018156553105188485,14.570942970422598,13.071077696295106,11.394959058517065,0.9203131565680871,3.204962032009563,2.655000126105733,0.6738418519268564,0.9529569920821067,1.0847272360936189,15.845200752606615,29.759812545776366,0.08168464803542846,147.39995574951172,16.155952822265682,9.216304277762388,-0.04541159839106676,2.2361756502053676,1.5516912295268133,-0.0671824728187158,20.064400953007862,0.6619813834172832,0.1383218547472587,13.72100065171253,6.1940752959318415,4.119808466011025,2.008957490324974,9.596112336867895,36.267758956322304
VSM_l,0.0,4.840604562025804,5.3981829682985945,0.0,0.2547451536122121,5.024509224379174,0.0,20.937309900919598,0.2988355464115739,-0.05872314501749842,12.082768049156456,0.0,10.200250090214244,0.9298357111320161,3.4471926008043208,1.3185000626253895,0.7132206637225432,0.6938701570034027,1.06831077107212,13.581333978412053,28.604772567749023,-0.014362985815591457,135.8082940041482,18.417499052360654,8.805288457033926,-0.11722415749375757,1.9043594379174082,1.3872225200920774,-0.09504642619749734,23.980001138988882,0.7276418665166381,0.10209629962449535,3.308000157121569,5.919527407238013,4.090423135196161,2.010866562525431,8.57441631116365,36.03036060667875
iMRtComb_l,0.0,2.8888780759871824,4.3068164728845435,0.0,0.14803972096299195,4.284706935562914,0.0,19.404627747857685,0.24074683938177002,-0.07132825804305326,13.043181775442136,0.0,9.947528340808832,0.9237394961513506,2.7949773260685995,0.48250002291752025,0.6751626188809896,0.9636693298816681,0.9124261620439517,13.639800647855736,27.54481773376465,-0.09237406319725983,100.06642360625926,15.593341506889555,8.37247321230039,-0.17105051709812172,2.0336228448095044,1.4698932224531265,-0.10882425157577784,15.455600734101608,0.5524033516881326,0.07349333925010978,0.0,5.376334850744579,3.296707706558488,1.6733512588449426,7.042660874185838,30.628310617526626
RMg,,15.375094933943315,7.340834314172918,,0.31635278327898547,4.862514019012451,,22.958590074019,0.7389589819041166,-0.0028619280889291654,16.76747634194114,,12.506555210460316,0.9006953131068837,3.12474585196469,,0.6336777678013525,1.06547658551823,1.1501009464263916,,,0.1381017647006295,127.29046214710583,,9.122737797823818,-0.025867582912641494,2.304750009016557,1.5941173380071467,0.01273627592017874,,0.5825808142087355,0.1691028340296312,,6.308142428879034,4.0573048079598015,,9.882633729414506,30.382478540593926
ROb,0.0,8.127188189824421,5.880942916870117,0.0,0.23150343663162656,8.623593415969458,0.0,20.82064505683051,0.41948682136005827,-0.04321950614038441,16.636574024624295,0.0,11.067093065049914,0.9171276052792867,2.982921447125374,0.4700000223238021,0.7984509442195606,1.0085454689131843,1.0877784570058187,13.443500638531987,28.223822593688965,0.008654678530163235,110.06937476264106,14.988553998875432,8.275919416215684,-0.14143885175387064,2.026090301407708,1.5321772336959838,-0.059544372413559664,15.675500744546298,0.6320567871480307,0.06593040514918458,0.0,5.712308767902303,3.407114175399248,1.9852251013120015,8.568581941392686,29.364385435316297
RPa,0.0,5.0142966116214325,2.383938389272521,0.0,-0.03394542629876644,2.525616920378525,0.0,19.515559517511047,0.21578207060666926,-0.08237266359795438,9.996047348079115,0.0,10.923759885353617,0.8648103927031602,2.3861619744269937,0.2530000120168552,0.4976876709324372,0.9892721320732986,0.7887309509338719,13.40985777979118,28.52466447012765,-0.026317083735553786,75.43216216210091,11.682131440204103,6.917825821602698,-0.2588610147485639,1.8141964095653873,1.4502818613949389,-0.09368160261559265,5.018333571691376,0.41635212806108435,-0.08834057134613026,0.0,5.170806625964711,1.674724367159617,1.3050403286670815,6.106541987692956,15.58910892505457
CLi_RLi,6.2215796723960715,9.747842130837617,13.876036387902719,16.71193591929753,0.7049995496601402,15.125943960966888,1.4885403317618697,24.479250536707347,1.4750401973724365,0.063766335455065,34.3782306070681,82.95121704461053,18.032505161034134,1.0984989668794736,5.735903233504485,7.647375363230822,2.3779222180517556,2.659135902713159,2.696670236701737,17.298000821610913,38.749470710754395,0.3322251126794758,265.94833109050455,23.098239774546528,22.14082274751035,0.3297049587001344,2.343214127118002,1.681377861314191,0.15697725564462303,20.508750974113354,1.032160090627851,0.5633703024087552,55.30312762675749,6.786416240010521,4.556568623863406,2.207842066884041,9.565704517021864,40.97744693870316
DR_2020,13.867610674229525,21.16970780316521,14.686024106405918,29.346598480679813,0.7866020089660595,9.040807296761445,4.3051443724323235,23.068197985879735,1.0959091133624315,-0.09382904793312347,35.07710231830871,89.95269823765557,14.449309205697253,0.9647614687096839,4.920478498206899,8.588000407908112,2.163473495350712,2.423181608027103,2.5835326115290322,17.33080082316883,36.01897430419922,0.03109121277587476,230.0800252244962,27.155458934220952,18.62295740414289,0.20435633559656494,2.230533682442958,1.5658053868736317,0.08210854386642394,37.03440175903961,1.0799132180057953,0.4018369142720902,51.16760243033059,6.522447395448123,5.638415124745175,2.7289544264475505,11.169844664779363,51.03691066168492
PMnR,12.486648399180922,22.521363137260316,11.017596547565763,0.9796441657879136,0.4944984775687021,6.3268161122761075,0.0,23.788872461470348,1.2071076953221882,-0.018435403008923112,39.56862719096835,71.81462875698344,15.728469712393624,0.993493778364999,4.575166101127979,5.667500269191805,1.5402803108473087,1.915232741643512,2.0928488856270198,16.264000772498548,36.89272117614746,0.20782461596859825,152.49248444087922,15.778304610023042,15.282534614441888,0.14336351080546303,2.4572180490645152,1.659219671809484,0.05445225322205621,28.29700134403538,0.8961986953606053,0.39514815760037253,58.408002774231136,6.309637676396902,4.281366013284285,2.217882765663995,9.427075189257424,31.954932470170277
SN_subregion1_r,3.188010483232176,1.1138716136664153,17.098268433222696,20.942740342704397,1.045889658331871,3.9432750059471977,1.1682485719558948,22.716563282012938,2.207056561159709,0.05797983895579819,19.902773720877512,29.72273943014443,15.235533683300018,1.268171589076519,5.06647783434879,16.0056930679219,1.845509196639323,2.264139800667763,2.234279255568981,19.469539386291917,39.25003961416391,0.40417252961546185,220.10163097381593,20.202171633427497,25.623126344680784,0.46375314228236675,2.4961918547749518,1.7124279406666756,0.058483836355544556,10.21392356205839,0.691489280680783,0.1426520906155929,25.16246273361433,6.111602297407517,2.824467509490787,1.511714685846258,7.795862212181091,29.929351105690003
SN_subregion2_r,2.8431043509208997,1.2687462663108653,14.466774014865651,16.715598174372296,1.0000789134930341,4.137123606660786,5.429242614787313,23.04206653497158,1.8109821221407723,0.06359565896579088,18.14139972013586,32.396618737026074,15.125660035549066,1.2677534292905759,5.151954533762487,13.12800062354654,1.8398743869880072,2.2006491624391997,2.25038115917108,20.495200973469764,40.589155197143555,0.3837157974258447,214.29212231758314,20.036583745287498,25.421481450398762,0.479037237014526,2.5084172554505177,1.7316276947657268,0.07671393985544385,11.96320056822151,0.7662893356864515,0.15698427773821047,23.34100110863801,6.106632434031389,2.7830237691732456,1.599705044712339,7.906057859078432,30.58243763263409
RN_subregion1_r,3.580329807446958,8.96022240774972,11.72706391470773,19.659006801568353,0.6789255427277606,10.462742832728795,5.465356358837866,23.93994077046712,1.9161184038434709,0.16651160669499548,29.388978794642856,65.27197093340267,18.93845516702403,1.1583154650701992,5.938674896203386,12.0128339039123,2.9022684728261083,2.8183211813802305,3.1350604192070337,20.132167622893274,39.6904182434082,0.43344344004340796,310.5477040608724,26.05540536294575,27.491494607234348,0.45238707246987714,2.5282704640125884,1.949921777282936,0.22362074449934563,22.70550107845338,1.126922189272591,0.4650981054789778,55.95483599104531,6.928856201384485,4.262406190491173,2.038503977987501,10.49114059365314,39.83604920428732
RN_subregion2_r,4.063539597967806,6.0106606662273405,12.806785440444946,21.08015186687419,0.7993921872108213,14.710058689117432,6.652526481841217,23.776174114596458,1.803438737988472,0.14376790922495628,33.71193008422851,71.51707544708795,19.095718273039786,1.159899769290801,5.812643702734708,13.108167289271174,2.5080691540621283,2.3907510172936224,2.758510681890672,20.12233428909288,39.547688802083336,0.4641661903550548,262.09861834126133,24.614057847560616,26.94336466635427,0.4079883929221861,2.5658139697967037,1.8554093276300738,0.15390053287053654,16.948834138359718,0.953637024759385,0.4989475948195304,60.98300289653707,6.976147417346533,4.30731991843711,2.0647220147980585,9.775367066168016,38.46043201569588
mRT_merged_r,4.7388063888319545,8.941971023985735,12.154663449736967,18.760984667951842,0.6425536169375564,10.672970005212102,4.879255698412147,24.15441735189157,1.735773318957243,0.09071991256289556,28.15373841163573,60.016444338939706,17.963673054131487,1.0441580463823237,5.770353411351116,13.177647684728178,2.98969319898274,2.7145140291449437,3.011506339261062,20.961706877980546,37.35497037102194,0.21249890124699347,324.66641281013773,28.035704848339424,21.22055818315159,0.5576204919161047,2.703586733549313,2.0637856067862,0.3363953551742635,37.24476647491375,1.4724302144984038,0.4709896719886775,54.405296701759866,6.951198039368112,5.377307298015211,2.6189439925280484,11.978122654103876,52.392875238547006
CnF_r,17.139195495484216,13.946934648922511,15.135605641773768,28.266243233602722,0.80270802123206,8.342603240694318,0.0,22.212621654782975,1.059379278016942,-0.17591035099966185,33.19318107196263,54.783776703552576,10.988414304597038,0.8886677548289299,4.713818876014557,8.507000404060818,2.374796837611939,1.0441808929400784,2.405438936182431,16.58850078791147,33.28436279296875,-0.15149192991001265,278.7700947352818,32.425826292688726,15.371411119188581,0.25805100053548813,2.4936090196881975,1.7211512667792184,0.08866543852361376,40.57650192728033,1.0914764240470605,0.16748875552522285,15.604500741173979,6.633597559764894,4.840644365635983,2.5405066311359406,10.48557162284851,47.73206056867327
PTg_r,,5.2299699524174565,13.777276453764543,,0.7079622901004293,6.691734179206517,,24.774951022604238,1.12909058643424,-0.040793405319361584,26.74382151728091,,12.220641260561736,1.008272287638291,4.9785253170120995,,1.6963155530038816,1.4810732395752617,2.084839033043903,,,0.07284000832283788,220.21633712105128,,17.98714496778405,0.26963673337646155,2.1522008802579795,1.6333244520684946,0.040282789474630314,,0.8855140080534815,0.20727087427740512,,6.202010397228625,3.919201792744191,1.8675161600112915,8.991946738699209,35.52285086590311
isRT_r,10.889004457610932,10.989032116489135,16.670533898947895,28.12687616144558,0.8667274946751802,11.583434547203174,3.2380139919534088,23.923289810401805,1.595312213552171,-0.04986983172905942,33.619228280108906,67.42454252699342,14.054886209791984,0.9966774772906649,5.281848951478225,10.00433380851367,2.2178433024420645,1.6388492947039397,2.4295162809067876,16.634000790072605,34.83914693196615,0.04136588134924355,300.20450713669044,29.497407626535278,17.85472422060759,0.3840409707332003,2.5924608500107476,1.8161652088165283,0.16370081618594629,42.15200200211257,1.1783401921905654,0.32138587577619415,32.89500156242866,6.791717282504829,4.553792888836841,2.4556979894638062,10.51958652164625,48.98216667728148
LDTg_CGPn_r,11.609851260665494,9.866365915873931,5.214087060574562,12.09753727161717,0.3002446060699801,3.1008403052843803,1.297036676201344,22.29927615504111,0.3383102761229359,-0.1207303176243459,15.441978820677727,38.55403248996299,10.790073400928128,0.857669557294538,3.4779732184221133,3.3723334935105718,0.6682276149276614,0.4335255694725821,0.9506784719805563,14.163000672706403,32.613586807250975,0.010744177097559817,143.4017492675781,16.62870806810679,9.92845431604693,-0.08438971513401597,1.8056756342611004,1.2283428772803275,-0.07446833823013285,18.498200878617354,0.6306552330235334,0.12620299839594912,17.222000818001106,6.320212877117991,3.5740875960665663,2.0490028966556895,8.538046003157092,32.00598626905872
PnO_PnC_r,10.851161419775224,14.95583391466806,7.219509973082432,6.798913635410807,0.3413919636676478,4.2921441539313445,2.867213941057443,23.194494883219402,0.8985838905092358,-0.046730876028945656,20.69212905381077,47.76116192617155,12.98973537045856,0.8979210440040559,3.7147131582298885,5.273800250492059,0.7553181620964478,0.9349916121640871,1.219248818334683,16.273600772954524,34.1264144897461,0.121502119231998,145.39697824522506,15.563015083421487,10.244338885758275,0.017033286047503784,2.2683947437493375,1.5638262620267942,0.016628977406409916,22.154001052258536,0.6083696572871607,0.20576106138931688,46.26310219737934,6.442899251646631,3.872009396002097,2.199430671605197,9.337496798167857,32.13214804775031
LC_r,5.450605707981282,9.462021405880268,5.22326163145212,3.9307840833559453,0.2404416845395015,1.9175688982009889,0.0,23.137108729435848,0.24833672866225243,-0.12069613773089188,16.37094365633451,23.96923830749074,11.85502815246582,0.9071315710361187,3.936178519797977,0.842000039992854,0.8118963547391244,0.48643259130991423,1.0849163165459266,15.36900072998833,32.679412841796875,0.026044040233290825,141.5748537503756,14.204278991965111,11.722504395705004,-0.05589480612140436,1.8161820815159724,1.3116147976655226,-0.0791803423366778,14.863000705954619,0.7035866591741069,0.14582968445924613,28.639001360279508,5.984898271616728,3.429067568674397,1.9481490850448608,8.429718237656813,31.924631705650917
SubC_r,,3.5574010014533997,4.134470290326058,,0.17730953639492075,0.9390063714236021,,22.55369024073824,0.41435287607477067,-0.05526444185128872,11.457633566349111,,11.414431003814048,0.8718116473644337,3.266642271577439,,0.35260362920049143,0.3572375476360321,0.7321347670352205,,,0.10493414603332256,140.36314846606965,,7.980322624774689,-0.06033936416373608,2.2747645530294864,1.4955425465360601,-0.0159458407625665,,0.46890983095848543,0.09084458871090666,,6.1201463596173316,4.017343793156002,1.804745038350423,8.74990854872034,32.57979993617281
ION_r,0.0,4.439700181230525,1.976879499333994,0.0,-0.21944276839913276,3.7844196271221593,0.0,17.426470831538854,0.16151445201383188,-0.21438445597328942,7.019346770680239,0.0,8.346801113100087,0.817690852206298,2.1671861244742816,0.0,0.335031247326288,0.3142425206992147,0.49342133411753936,11.887500564625952,28.616963386535645,-0.0978434117308605,83.71150652567546,11.424450440797955,5.934027753965685,-0.3810788822196396,1.6452271123503925,1.2530551327301769,-0.12345319925191277,3.122000148287043,0.37593990100212976,-0.23498935868077622,42.086001998977736,4.773676872376591,1.3714269662536647,1.0339165193693978,5.13360234146261,12.873322379723025
SC_r,9.805596781845338,7.044021843136221,7.5329925979393115,11.993774248236491,0.49731246500775433,3.955352869756678,0.0,21.49115783580835,0.6583848834270611,-0.2156456835244013,29.708510274472445,47.06869672274479,10.082647897195125,0.8476876746053281,4.486670426583212,4.383000208181329,2.0065596101162755,0.43893954738218716,1.7171184342840444,17.394000826170668,32.072940826416016,-0.15503170908145283,262.6205402318982,30.598518878628965,12.932857817497807,0.2829725213240886,1.9453721063724463,1.4610027230304221,0.09078094752128338,29.55700140388217,1.024885212226566,0.08554518533249696,8.579000407480635,6.513883485480303,5.527463246722355,2.475600093603134,9.078215115312217,46.58997997339221
IC_r,15.256202818247289,5.876044921847907,7.289228221465802,13.214515108126534,0.40331589713178834,3.089160573801824,0.0,22.518417292627795,0.31673911112094566,-0.19073032818991562,15.36539496224502,23.822747908325255,8.806005329921328,0.8507417933694248,4.293240182822046,1.343000063789077,1.9876723106607297,0.4953553471071967,1.8411454373392566,15.173000720678829,30.63447380065918,-0.19723332647619576,232.6702907167632,29.902976740384474,13.183487497527024,0.22432853281497955,1.9506965793412308,1.4220589645977677,0.011676100190078583,17.744000842794776,0.8475093972010654,-0.02611442632844736,0.0,5.884088712898464,2.32842547966344,1.9554180247443063,7.283122580626915,27.77993947061999
VTA_PBP_r,3.6446729892822605,6.274537584546841,14.31093200047811,18.798830017263384,0.9032668754642392,8.984377066294352,3.5437076295121464,22.94903968528465,1.981965678579667,0.13089206334617404,26.68785966611376,54.67486412607741,18.061110922731,1.2155294836303334,5.494694910946258,12.807000608299859,2.4986497720474965,2.4498392319973603,2.8328656090630426,20.471000972320326,39.85860729217529,0.48115530175927246,269.8908363248095,24.826143911683175,25.883354092821662,0.44247897539609743,2.43942979912699,1.8113373980110075,0.12719421446452567,20.911938493263733,0.962459787092011,0.3199176906435578,47.38668975074688,6.596160442571093,3.560632991977036,1.7680864772018121,8.931843966024893,35.709465257621105
MiTg_spth_r,11.163671420510468,8.43562127649784,12.116425544023514,26.264230575408874,0.5970123391598463,5.25748648494482,0.0,24.431575119495392,0.8723800610750914,-0.08559543546289206,21.132270395755768,51.173435984310345,10.255266964435577,0.9517600070685148,4.910367058859265,7.911000375752337,1.7788856924798893,0.9653297727927566,1.8821060881018639,16.156000767368823,34.45311737060547,-0.055694507726002485,271.0331392288208,24.2695627809735,16.316320300102234,0.36082039400935173,2.174125462770462,1.5537561066448689,0.09543246396549421,26.118001240538433,0.9031971655467714,0.1354119626339525,18.879000896704383,6.378568606212866,3.0281659451211453,2.0051518281300864,8.538392037153244,30.08848935365677
LPB_r,4.934842942909985,0.9784162428516608,2.8539878426047114,1.3458663125366002,0.048836947142073955,2.3104536135991416,0.0,24.59077309942865,0.18027691510864174,-0.0806602616008226,6.490019008710787,7.471948546633864,12.166696040661304,1.0139152283792372,4.461697637491549,0.0,0.6441392755731578,0.25147879578463445,0.8078140519656144,15.586000740295276,32.319796880086265,0.013507021739232268,265.36474072093694,28.92036317999009,14.570781187577682,0.03768079286417017,1.6989085581395533,1.394798668948087,-0.05921330067850521,11.84666722935314,0.7416526707182878,0.027653847379585754,4.97666690304565,5.791249113713388,2.5536658164407067,1.8211276531219482,8.048729754113532,22.900755919419325
MPB_r,7.635730949672137,10.58049025240003,6.011085368485914,3.7079988822287078,0.21851286929100752,4.13035954726048,0.0,23.481460876464844,0.5383055422036928,-0.10423081452647845,17.797025295893352,28.643146805698052,12.339450747172037,0.9463696686426798,4.030496616221499,2.5085001191473566,0.9332609667885117,0.5696878774960836,1.2064358671506246,14.563500691729132,33.223411560058594,0.04314698927182083,160.5929024251302,18.365738212305587,12.979839032491048,-0.01589801215411474,1.8105577023824055,1.392556308110555,-0.06393644749230588,20.562000976642594,0.7515485766977387,0.14941714485175908,18.290500868752133,5.686372391235006,3.217174172437129,1.9555385112762451,8.508325583140055,28.9107240041097
Ve_r,5.02639852422746,2.4196119200285167,3.372235110935999,4.3366801716877195,0.1883278657588615,5.3495298932458075,1.876888313376849,21.538359657166495,0.15783110817522752,-0.07465427881353116,7.621923266895234,18.60225250109397,9.872267112530098,0.8769306622485005,3.2098967963668636,2.3532501117733773,0.28645857132782804,0.06424802742287437,0.6203823114829089,15.542400738224387,31.13610954284668,0.043380460884205246,172.33184160505022,18.527759937685914,7.652353609680499,-0.12298191977398736,1.8450353536656294,1.2860393795386824,-0.08101967409099593,17.520200832164846,0.5430433925757187,0.012629576627948573,9.077667097832697,6.248326541700865,3.298838519914416,1.8358718703190486,8.130198022045155,31.715826377666815
PCRtA_r,,2.068661432402829,2.8343538838624953,,0.10618013098835945,0.49743495757381123,,21.25867301940918,0.15420617911964654,-0.041421642377972606,8.42087917327881,,10.679137191772462,0.8822492051124573,2.7891172754752915,,0.2777408289606683,0.1919732204079628,0.633365193605423,,,0.09616875275969505,148.86443023681642,,6.893933277130127,-0.09085704460740089,2.213651781082153,1.5652497673034669,-0.02674104383724625,,0.4298203133948846,0.03011663906276226,,5.953614583213348,4.1091345747979355,1.6723660230636597,8.783194408416747,32.67113212585449
SOC_r,5.02639852422746,7.631278912226359,5.582448278154645,1.2482070476138603,0.12047911018487953,2.313645139309194,0.0,21.338278725033714,0.33793685265949797,-0.05228766169221628,14.316704205104283,5.682546548760001,10.67630418141683,0.8951923676899501,2.9405270949854247,2.548000121023506,0.5228259176947176,0.6299964359828404,0.958116298630124,17.25600081961602,30.378475189208984,0.04416082799434662,139.4242157709031,17.762860145769082,7.800034886314755,-0.10846064878361565,2.17227155821664,1.6128909928458077,-0.036536091061342243,27.578001309884712,0.520938387436867,0.023090546462862266,19.487000925582834,5.986779152634664,3.867400554380202,1.7207865715026855,9.485573496137347,33.393128077189125
sMRtComb_r,8.093508965733065,7.887072620621646,5.8421210668173185,1.7639698500861414,0.17179056851709462,4.237858035990709,3.5279396330559507,21.24922534069383,0.3112311697528734,-0.06000506379697696,15.354612396424075,17.600024865450905,10.426743415464838,0.9281163703964417,3.208829628540233,2.7576667976488047,0.6078236182753266,0.6337692690901009,1.0183653529868069,15.020500713435467,30.068382740020752,0.02064162347443312,156.45561944433007,16.76124577067094,8.077664984277932,-0.12177822729909277,2.09297833672489,1.5227709520294006,-0.05738511934773176,23.268501105194446,0.6604594733200982,-0.0044601333709097055,24.318751155078644,5.945683851508503,3.6858111962532982,1.8340970145331488,9.331772011446665,33.88727447785527
VSM_r,0.0,5.902976055939992,5.562218595195461,0.0,0.2137020606178421,9.89483892208054,0.0,20.548469749656885,0.34694609838026064,-0.07564651794932983,14.130722398156518,0.0,11.040748166608381,0.9353882546897407,3.4093193403642736,2.027250096289208,0.732372748730012,0.678808685895559,1.0547310538120098,14.47050068731187,28.84553337097168,-0.034240781574988284,139.78324299030476,18.63018181694497,8.702104671581372,-0.1354573128056956,1.9415185483726296,1.4298622328955848,-0.06780874790848093,23.780751129525015,0.7371796061497127,0.0574407895884334,13.822000656509772,5.8409610248353285,4.626508453485413,1.9939143572534834,9.011255582173666,36.15560151864816
iMRtComb_r,0.0,3.1687428077447763,4.009827778848767,0.0,-0.0007525345321623084,9.583712357071203,0.0,18.00140262569801,0.2971353093132039,-0.14199135948845823,13.363918373176643,0.0,9.390900592068183,0.8904048498023511,2.670502848335838,0.5965000283322297,0.6168387720229391,0.5389081795509209,0.649123826956802,13.381643492736787,27.5078547341483,-0.17301227750176515,108.23226344620792,17.173380261029315,7.611680697262818,-0.25744111736468106,1.9485006986810476,1.4328791783895973,-0.0957764362916372,14.291357821660183,0.5683058157900991,-0.044376968263126135,0.0,5.082567398735697,3.198249915839955,1.473433099009774,6.551691494638913,26.76429405269
STh_subregion1_l,1.5686514165386651,0.7953088395297527,7.3318185276455345,6.665242340653606,0.6503770942725833,3.9504007498423257,1.7835016734791753,21.98112101781936,1.4233699374728732,0.0740634919040733,12.178843445248074,26.690979932251746,16.105519642905584,1.194924255212148,5.268296926085699,11.044000524561852,2.246011781217974,2.861603848517887,2.528067243477655,20.915167660083778,43.85699462890625,0.3762613336245219,200.9122079516214,22.220797595538897,21.71581484779479,0.5409014690963049,2.5690026737394787,1.767969717109014,0.2140758564025115,12.675000602030195,0.9677927643644727,0.29389477745881154,31.657501503650565,6.020095104321843,4.248490578236265,1.637931799888611,8.586453437805176,34.55869019220746
STh_subregion2_l,2.3047578398474755,0.5272548198699951,7.416175961494446,10.173650091129753,0.7173325502380883,4.4419858157634735,4.887539136027755,22.104370766079303,1.4614353626966476,0.05134717767731738,13.298889875411987,30.668660101659043,16.162611332136333,1.2010569855109932,5.320411728986073,10.984200521721505,2.487977881792251,2.882653860701728,2.7246283354218472,20.503200973849744,44.25054168701172,0.38157900768457,210.99449739751128,22.399882614123634,22.18658061863221,0.5193305073939648,2.5084377244575737,1.7711325097329838,0.20557204914728142,13.076000621076673,1.018689829275813,0.31350081652095635,29.86260141839739,6.208895505806815,4.286859672365365,1.7845138311386108,8.810787579447952,36.0562307810046
HTH,,,,,,,,,,,,,,,,,,,,,,,,,,,,,,,,,,,,,,
STh_subregion2_r,,0.9307241373591952,8.041700970042836,,0.6871405132114887,4.733499895442616,,23.068236184120178,1.5376000187613748,0.1073420983273536,13.742250442504883,,14.230936205387115,1.2437348514795303,5.395863345400097,,2.0989195155663767,2.137780675292015,2.4144361704587936,,,0.3681553311645985,237.33469047546387,,25.605477499961854,0.4735812857747078,2.6416590720415116,1.8702363416552543,0.1678740454452054,,0.9961343108642958,0.21755620166659356,,6.122317291663421,4.146846642588207,1.758595726706765,8.746149945259095,33.26567783355713
STh_subregion1_r,1.3718070152322959,1.3455805778503418,7.7964213490486145,5.131687268877641,0.7130245771801588,3.8478185832500458,3.42570263002942,22.976424578324107,1.482000693678856,0.09328537211002945,12.048304915428162,30.65355400921817,13.829544521072537,1.2611345156882574,5.345278723729831,11.167250530415913,1.9560057000574673,2.029710343740519,2.265581546477901,21.894501039932948,42.17725944519043,0.3748996142044808,221.73201433200282,20.35766475375567,25.1535341392443,0.4683534502983093,2.6139183576824596,1.8421973464558425,0.14751623057250557,11.108000527601689,0.9158499436680754,0.18235719970707753,27.900751325214515,5.929696717861253,3.747873845939678,1.6770766122000558,8.366793345479133,32.334650724836926
LG_l,5.859553810638118,2.202843298514684,7.212857882181804,11.537522631349077,0.42778585763538585,10.344254811604818,9.186071434985891,26.795953488817403,0.822297086318334,0.09814288883524783,4.236596783002217,16.55705454284771,22.498895271151675,1.0684508085250854,4.5254434748230565,12.883000611909665,1.7305487109537638,1.93032615714603,1.6243917910881291,22.06650104810251,40.26946258544922,0.24274801263232637,264.59722361845127,33.29504336533137,12.656659568836487,0.7599024928473179,2.57708988781848,1.7931722176620384,0.29014434180377674,14.269000677741133,0.769748656215249,0.0441761264985342,11.81800056132488,6.490360092431431,9.5126832561747,2.9684113888513473,13.033082133025125,76.42823796490438
LG_r,2.1050141422485513,1.923876166343689,7.240756988525391,3.044221315291523,0.4996486013861978,4.4485931396484375,8.117160838404217,25.755992294117142,1.0808850526809692,0.13454854194146054,9.196340560913086,13.233588620693126,23.47186476106097,1.0978699026593737,4.604167692023718,13.025750618689926,1.5395800801491584,1.7613301675790434,1.725616257661467,18.504250878904713,38.99023151397705,0.3072097652657017,249.14460423949419,29.982583601988154,13.496616995258696,0.839322819831265,2.6196714024634877,1.7820169371404466,0.2263123749488476,13.577000644872896,0.7608894591012358,0.05900650166544565,15.308750727126608,6.387010187377774,7.989350710630678,2.626028674840927,12.705302110902823,66.64960289001465
MG_l,4.718161604809268,4.335081881371098,7.493156785550325,17.659026892006978,0.5008656510876285,6.601838062638822,2.552873256909388,26.60753560066223,1.2587491818096326,-0.005285132349349119,17.347367825715438,51.687165405237465,16.28736658891042,0.9964431126912435,5.584551984868345,13.867000658647157,2.5178483978597797,1.590744533472591,2.491893051399125,19.28100091579836,36.783514658610024,0.0649885756882011,324.82398817274304,32.6737260845257,15.898812863561842,0.7569322072797351,3.4680648346741996,2.4487106568283505,0.5121002668407628,37.30966843878074,1.4989903979407648,0.3070736632992824,28.49300135334488,8.258517840165748,4.939548313609622,2.275742212931315,9.564291397730509,44.71928387218051
MG_r,6.190171065980603,3.783939688924759,6.400188695816767,17.961160082683136,0.5272148492790404,6.371341084677075,5.529953876061825,25.07036887274848,1.1528181954035683,0.0989922649921879,16.803338898552788,56.24052644912808,20.03851975335015,1.06906459255824,5.588942402779746,15.98566742594509,2.3558982874244627,2.7011301441798135,2.7256528309413364,22.170001053018495,34.426703135172524,0.19243025661460936,324.61552065894716,32.265536168648396,18.491559074038552,0.9546356645841447,3.3478516094268316,2.347974421486022,0.506220231194184,45.41866882393757,1.4494970085697787,0.32210072685801794,24.278001153143123,8.109946475437258,3.767802499332613,2.4216195344924927,10.248537154424758,42.03018497285389
