,labels,structure,hemisphere,rsn,x,y,z,nvoxels,tSNR
0,MnR,brainstem,M,,0.571426,-30.8571,-19.8571,7.0,11.706263678414482
1,PAG_2020,brainstem,M,,0.566666,-32.5733,-8.94444,450.0,15.621211353937785
2,SN_subregion1_l,brainstem,L,,-7.70936,-15.4975,-12.0788,406.0,5.481527270354661
3,SN_subregion2_l,brainstem,L,,-9.6463,-15.4437,-10.5756,311.0,6.0350590840796565
4,RN_subregion1_l,brainstem,L,,-5.14054,-16.8649,-7.01621,185.0,6.877403439702214
5,RN_subregion2_l,brainstem,L,,-4.34782,-20.1111,-9.16425,207.0,5.935862750822795
6,mRT_merged_l,brainstem,L,,-7.49213,-23.3393,-4.15955,445.0,10.95477960565117
7,CnF_l,brainstem,L,,-3.09804,-32.7059,-8.17647,51.0,15.120421858394847
8,PTg_l,brainstem,L,,-6.88095,-28.7143,-13.4048,42.0,12.80624787012736
9,isRT_l,brainstem,L,,-5.60256,-28.6154,-8.0,78.0,13.213732230357635
10,LDTg_CGPn_l,brainstem,L,,-1.46512,-38.3256,-31.5174,172.0,13.789910532707392
11,PnO_PnC_l,brainstem,L,,-1.78516,-35.2188,-31.0469,256.0,13.666317135095596
12,LC_l,brainstem,L,,-3.41666,-37.5,-25.5,12.0,15.612679243087769
13,SubC_l,brainstem,L,,-5.52728,-37.4727,-35.8909,55.0,13.944122470508923
14,ION_l,brainstem,L,,-4.51418,-37.1383,-52.1489,282.0,10.304915025724586
15,SC_l,brainstem,L,,-4.22222,-31.7901,-4.17284,81.0,12.297086362485532
16,IC_l,brainstem,L,,-4.42623,-35.6557,-9.45901,61.0,13.700233006086506
17,VTA_PBP_l,brainstem,L,,-4.865,-16.065,-9.625,400.0,8.468636874556541
18,MiTg_spth_l,brainstem,L,,-7.88095,-30.8571,-9.40476,42.0,13.598509584154401
19,LPB_l,brainstem,L,,-6.75,-37.3068,-20.4886,88.0,14.184049497951161
20,MPB_l,brainstem,L,,-4.10448,-36.5224,-23.2537,67.0,15.689039415387965
21,Ve_l,brainstem,L,,-5.70588,-41.3726,-37.8088,204.0,13.832228894327201
22,PCRtA_l,brainstem,L,,-7.125,-38.25,-40.9583,24.0,13.048519412676493
23,SOC_l,brainstem,L,,-4.5,-38.125,-45.1667,24.0,12.550240914026896
24,sMRtComb_l,brainstem,L,,-3.80769,-40.4231,-47.0513,78.0,12.696991957150972
25,VSM_l,brainstem,L,,-1.91228,-43.8947,-52.6316,114.0,12.521422001353482
26,iMRtComb_l,brainstem,L,,-3.48875,-43.1029,-56.4373,311.0,10.809205956781026
27,RMg,brainstem,M,,0.818184,-37.4545,-44.0,11.0,11.785486047918146
28,ROb,brainstem,M,,0.711113,-41.1333,-52.4222,45.0,10.216053771972657
29,RPa,brainstem,M,,0.905937,-36.9109,-52.2327,202.0,9.41077221502172
30,iMRtComb_r,brainstem,R,,4.50445,-42.908,-57.6024,337.0,10.446421304866893
31,VSM_r,brainstem,R,,3.08108,-43.4504,-52.7928,111.0,12.354602152162844
32,sMRtComb_r,brainstem,R,,5.44579,-40.1084,-47.2651,83.0,12.352108265980181
33,SOC_r,brainstem,R,,5.90476,-38.0952,-45.1905,21.0,12.820032437642416
34,PCRtA_r,brainstem,R,,8.44,-38.08,-40.88,25.0,12.499086303710937
35,Ve_r,brainstem,R,,6.77248,-41.1693,-38.1058,189.0,13.433840600271074
36,MPB_r,brainstem,R,,5.2,-37.0267,-23.5733,75.0,15.586345672607422
37,LPB_r,brainstem,R,,8.24675,-38.1429,-20.8701,77.0,14.609970612959428
38,MiTg_spth_r,brainstem,R,,8.65625,-30.9375,-9.6875,32.0,13.11706030368805
39,VTA_PBP_r,brainstem,R,,6.72593,-16.316,-9.59506,405.0,8.186174853054094
40,IC_r,brainstem,R,,5.5,-35.8103,-9.41379,58.0,13.730846799653152
41,SC_r,brainstem,R,,5.47826,-31.2464,-3.78261,69.0,11.744985981263977
42,ION_r,brainstem,R,,6.16105,-36.2697,-52.1199,267.0,9.983762673224403
43,SubC_r,brainstem,R,,7.25532,-37.3404,-35.1489,47.0,13.861164924946237
44,LC_r,brainstem,R,,5.0,-37.6923,-25.8462,13.0,15.91741444514348
45,PnO_PnC_r,brainstem,R,,3.39147,-35.3566,-31.376,258.0,13.404188577518907
46,LDTg_CGPn_r,brainstem,R,,2.9871,-38.3806,-31.271,155.0,13.708610897679483
47,isRT_r,brainstem,R,,7.0145,-28.2899,-7.76811,69.0,13.060248001762059
48,PTg_r,brainstem,R,,7.78261,-28.9565,-13.5652,23.0,12.971791308859121
49,CnF_r,brainstem,R,,4.60714,-32.375,-8.28571,56.0,14.781901291438512
50,mRT_merged_r,brainstem,R,,8.78304,-23.1097,-3.86035,401.0,10.743185615301726
51,RN_subregion2_r,brainstem,R,,5.54194,-20.1226,-9.06452,155.0,5.37823128238801
52,RN_subregion1_r,brainstem,R,,6.31159,-17.1667,-6.64493,138.0,6.1809002351069795
53,SN_subregion2_r,brainstem,R,,10.6051,-15.3538,-10.5077,195.0,5.969817979519184
54,SN_subregion1_r,brainstem,R,,9.635,-15.88,-11.66,400.0,5.510015681385994
55,CLi_RLi,brainstem,M,,0.49102,-23.2455,-9.05988,167.0,10.19169069050315
56,DR_2020,brainstem,M,,0.725487,-31.5882,-14.0784,153.0,15.08902885711271
57,PMnR,brainstem,M,,0.714287,-31.0952,-20.5714,63.0,12.432626209561787
58,STh_subregion1_l,diencephalon,L,,-10.5159,-11.9444,-5.75397,126.0,6.826478865411547
59,STh_subregion2_l,diencephalon,L,,-9.23711,-11.7113,-6.49484,97.0,6.087326996105233
60,HTH,diencephalon,M,,-0.101921,-3.60841,-9.95932,,
61,STh_subregion2_r,diencephalon,R,,10.4625,-11.425,-6.2125,80.0,5.807541254162788
62,STh_subregion1_r,diencephalon,R,,11.1456,-11.3592,-6.56311,103.0,6.042524460449959
63,LG_l,diencephalon,L,,-23.4771,-24.6209,-6.31373,153.0,13.193038532157349
64,LG_r,diencephalon,R,,23.5924,-24.2484,-5.8344,157.0,14.115119955342287
65,MG_l,diencephalon,L,,-14.5556,-28.4444,-3.125,72.0,10.673772878117031
66,MG_r,diencephalon,R,,15.3333,-28.0476,-2.53968,63.0,11.187189208136665
67,L-Accumbens-area,subcortex,L,,-8.2511,10.788,-7.3991,,
68,L-Amygdala,subcortex,L,,-23.706,-2.5469,-20.649,,
69,L-Hippocampus,subcortex,L,,-24.436,-22.015,-14.5,,
70,L-Pallidum,subcortex,L,,-20.149,-5.6938,-1.0445,,
71,L-Putamen,subcortex,L,,-25.394,0.44851,0.3466,,
72,L-Caudate,subcortex,L,,-12.906,8.4539,10.124,,
73,L-Thalamus-Proper,subcortex,L,,-11.373,-19.314,6.5644,,
74,L-Cereb-Ctx,subcortex,L,,,,,,
75,7Networks_LH_Vis_1,cortex,L,Vis,-33.01671,-40.666262,-20.108519,2797.0,13.571207179143508
76,7Networks_LH_Vis_2,cortex,L,Vis,-30.189314,-33.674979,-17.019274,3344.0,15.256585347167613
77,7Networks_LH_Vis_3,cortex,L,Vis,-33.816113,-61.94412,-15.734926,2494.0,18.495388966707964
78,7Networks_LH_Vis_4,cortex,L,Vis,-25.135867,-54.236794,-7.8282,3169.0,18.61039943069116
79,7Networks_LH_Vis_5,cortex,L,Vis,-21.537252,-74.296886,-9.383909,3356.0,21.169047858064307
80,7Networks_LH_Vis_6,cortex,L,Vis,-31.138657,-82.318249,-13.623059,2827.0,18.864496167826914
81,7Networks_LH_Vis_7,cortex,L,Vis,-16.756229,-38.206279,-10.159268,1483.0,14.733403052177609
82,7Networks_LH_Vis_8,cortex,L,Vis,-41.944076,-72.506899,-7.496763,3737.0,22.500381629608007
83,7Networks_LH_Vis_9,cortex,L,Vis,-14.281058,-87.614426,-11.789189,2637.0,22.094432039155986
84,7Networks_LH_Vis_10,cortex,L,Vis,-13.420459,-61.577599,-4.043707,2175.0,17.430691803241597
85,7Networks_LH_Vis_11,cortex,L,Vis,-6.959566,-74.95243,-2.50914,2467.0,19.803665572059362
86,7Networks_LH_Vis_12,cortex,L,Vis,-23.642535,-95.230906,-8.616393,4236.0,20.342628165727746
87,7Networks_LH_Vis_13,cortex,L,Vis,-12.541885,-42.208284,-3.662206,946.0,14.590696328790193
88,7Networks_LH_Vis_14,cortex,L,Vis,-36.617679,-86.7046,-1.854024,3087.0,22.723429524168676
89,7Networks_LH_Vis_15,cortex,L,Vis,-10.316175,-96.151613,-4.071397,4087.0,22.378140208480232
90,7Networks_LH_Vis_16,cortex,L,Vis,-15.314824,-52.309018,-0.48813,1617.0,17.085324886041285
91,7Networks_LH_Vis_17,cortex,L,Vis,-43.95909,-73.904616,5.30809,3440.0,24.431517155780348
92,7Networks_LH_Vis_18,cortex,L,Vis,-5.902035,-87.34977,1.17758,3324.0,24.408514200134828
93,7Networks_LH_Vis_19,cortex,L,Vis,-24.022328,-94.296507,5.977911,4720.0,28.16355604600098
94,7Networks_LH_Vis_20,cortex,L,Vis,-11.056915,-47.808839,3.769009,970.0,18.226157767502304
95,7Networks_LH_Vis_21,cortex,L,Vis,-9.126291,-75.735344,8.646087,3735.0,22.243671654442068
96,7Networks_LH_Vis_22,cortex,L,Vis,-20.004818,-63.250265,5.852453,1941.0,20.852471204715435
97,7Networks_LH_Vis_23,cortex,L,Vis,-36.768975,-83.045641,13.313146,4515.0,29.020773099981668
98,7Networks_LH_Vis_24,cortex,L,Vis,-12.525352,-95.497111,14.822498,4743.0,28.429591722989066
99,7Networks_LH_Vis_25,cortex,L,Vis,-4.274363,-85.442835,22.153901,3649.0,25.948676492194995
100,7Networks_LH_Vis_26,cortex,L,Vis,-12.580034,-71.410825,20.09914,2251.0,23.3932486559115
101,7Networks_LH_Vis_27,cortex,L,Vis,-25.336282,-83.770287,20.380733,2783.0,29.50680032155088
102,7Networks_LH_Vis_28,cortex,L,Vis,-31.344332,-81.438531,26.316375,1842.0,31.61197497194934
103,7Networks_LH_Vis_29,cortex,L,Vis,-15.069563,-86.040497,31.758002,2650.0,29.81656331548151
104,7Networks_LH_Vis_30,cortex,L,Vis,-13.475419,-77.104711,34.527662,2025.0,27.783771217252003
105,7Networks_LH_Vis_31,cortex,L,Vis,-19.427948,-74.032745,43.113854,2043.0,31.240630193253796
106,7Networks_LH_SomMot_1,cortex,L,SomMot,-48.797519,-11.986358,1.151272,3125.0,17.512142825927736
107,7Networks_LH_SomMot_2,cortex,L,SomMot,-53.649095,-23.34232,7.450086,3982.0,17.017395522713002
108,7Networks_LH_SomMot_3,cortex,L,SomMot,-36.153648,-22.771245,8.026276,1214.0,19.47036904283175
109,7Networks_LH_SomMot_4,cortex,L,SomMot,-38.197926,-7.777169,12.736891,1985.0,21.87985576514333
110,7Networks_LH_SomMot_5,cortex,L,SomMot,-35.563359,-25.889136,17.905696,1435.0,20.021207683842356
111,7Networks_LH_SomMot_6,cortex,L,SomMot,-55.047037,-38.415071,16.496972,2358.0,20.142593059022108
112,7Networks_LH_SomMot_7,cortex,L,SomMot,-41.214449,-34.555542,15.010108,1621.0,19.948834085082066
113,7Networks_LH_SomMot_8,cortex,L,SomMot,-46.867364,-15.316317,16.414384,1906.0,20.876140382332416
114,7Networks_LH_SomMot_9,cortex,L,SomMot,-58.262778,-4.604571,12.466652,1804.0,22.333158168454393
115,7Networks_LH_SomMot_10,cortex,L,SomMot,-47.680643,-25.245772,18.876233,1631.0,21.4740410909413
116,7Networks_LH_SomMot_11,cortex,L,SomMot,-57.645332,-19.474327,20.590543,1600.0,22.725427256822584
117,7Networks_LH_SomMot_12,cortex,L,SomMot,-56.950821,-4.530404,23.066305,2246.0,23.59980050984601
118,7Networks_LH_SomMot_13,cortex,L,SomMot,-60.529895,-12.095838,29.924991,1640.0,25.46940662104909
119,7Networks_LH_SomMot_14,cortex,L,SomMot,-50.609014,-10.377459,28.875415,1458.0,22.199610229382298
120,7Networks_LH_SomMot_15,cortex,L,SomMot,-53.530656,-21.6074,38.991053,1498.0,26.535144444301388
121,7Networks_LH_SomMot_16,cortex,L,SomMot,-48.003673,-8.938119,41.172038,2388.0,24.9155543285798
122,7Networks_LH_SomMot_17,cortex,L,SomMot,-46.485826,-16.879435,38.24947,1389.0,23.490872629603693
123,7Networks_LH_SomMot_18,cortex,L,SomMot,-8.644323,-14.851623,45.78342,2531.0,19.47455016994891
124,7Networks_LH_SomMot_19,cortex,L,SomMot,-38.88288,-15.294686,46.034419,1527.0,25.33594155826831
125,7Networks_LH_SomMot_20,cortex,L,SomMot,-46.397239,-20.126652,51.795124,1646.0,26.200275111748844
126,7Networks_LH_SomMot_21,cortex,L,SomMot,-44.34311,-30.052582,53.169974,2774.0,27.205924974728937
127,7Networks_LH_SomMot_22,cortex,L,SomMot,-36.885765,-25.450581,49.702388,983.0,25.91789055064639
128,7Networks_LH_SomMot_23,cortex,L,SomMot,-9.513195,-37.089298,53.194381,1095.0,24.08607989272026
129,7Networks_LH_SomMot_24,cortex,L,SomMot,-4.973234,-22.341292,54.510617,1694.0,21.15864159112275
130,7Networks_LH_SomMot_25,cortex,L,SomMot,-4.841285,-8.347084,59.294288,2019.0,22.167797027689918
131,7Networks_LH_SomMot_26,cortex,L,SomMot,-33.481124,-19.556182,59.802591,3730.0,26.950869252918235
132,7Networks_LH_SomMot_27,cortex,L,SomMot,-29.993581,-45.107796,59.20503,2757.0,32.45707485059227
133,7Networks_LH_SomMot_28,cortex,L,SomMot,-32.085183,-30.434727,59.084075,2131.0,28.262169719357715
134,7Networks_LH_SomMot_29,cortex,L,SomMot,-29.809343,-37.43372,61.159542,2245.0,31.452809409840334
135,7Networks_LH_SomMot_30,cortex,L,SomMot,-25.354751,-11.496116,60.752604,2919.0,29.422320068923934
136,7Networks_LH_SomMot_31,cortex,L,SomMot,-20.670041,-25.742655,62.557829,1098.0,28.08978756485958
137,7Networks_LH_SomMot_32,cortex,L,SomMot,-9.217099,-41.395007,68.045347,2162.0,28.353390554715702
138,7Networks_LH_SomMot_33,cortex,L,SomMot,-5.476528,-25.167357,66.968616,2717.0,25.036839355648464
139,7Networks_LH_SomMot_34,cortex,L,SomMot,-16.838266,-12.716328,68.556279,1836.0,30.521455161192318
140,7Networks_LH_SomMot_35,cortex,L,SomMot,-17.794204,-32.142135,64.980673,2186.0,30.3676426417219
141,7Networks_LH_SomMot_36,cortex,L,SomMot,-19.047393,-38.433253,67.906031,2064.0,34.11866605004599
142,7Networks_LH_SomMot_37,cortex,L,SomMot,-12.669635,-26.347616,69.619818,900.0,30.50382152557373
143,7Networks_LH_DorsAttn_Post_1,cortex,L,DorsAttn,-44.39567,-40.428498,-20.315832,2928.0,10.068783672618084
144,7Networks_LH_DorsAttn_Post_2,cortex,L,DorsAttn,-45.845726,-55.4657,-13.283169,4725.0,17.264399446759906
145,7Networks_LH_DorsAttn_Post_3,cortex,L,DorsAttn,-50.939953,-62.091034,-0.617639,4434.0,21.90443289016462
146,7Networks_LH_DorsAttn_Post_4,cortex,L,DorsAttn,-45.692934,-66.335385,13.536033,2816.0,25.840450012548402
147,7Networks_LH_DorsAttn_Post_5,cortex,L,DorsAttn,-25.707431,-70.717751,32.183094,1339.0,29.267005579964806
148,7Networks_LH_DorsAttn_Post_6,cortex,L,DorsAttn,-52.869609,-31.275044,40.416989,2465.0,29.43693183140629
149,7Networks_LH_DorsAttn_Post_7,cortex,L,DorsAttn,-24.910038,-64.193045,47.279025,2058.0,28.809098850765544
150,7Networks_LH_DorsAttn_Post_8,cortex,L,DorsAttn,-44.609262,-30.842897,41.5809,1627.0,27.53682220824745
151,7Networks_LH_DorsAttn_Post_9,cortex,L,DorsAttn,-35.143232,-46.028421,42.892598,2012.0,27.70378821223204
152,7Networks_LH_DorsAttn_Post_10,cortex,L,DorsAttn,-29.200624,-55.8858,48.085604,1261.0,29.480761313986722
153,7Networks_LH_DorsAttn_Post_11,cortex,L,DorsAttn,-38.294456,-38.720461,47.163916,2319.0,27.784858306351794
154,7Networks_LH_DorsAttn_Post_12,cortex,L,DorsAttn,-32.07462,-49.829807,51.993371,1637.0,30.272254167858538
155,7Networks_LH_DorsAttn_Post_13,cortex,L,DorsAttn,-16.429429,-65.101077,56.41483,3135.0,28.16564402268454
156,7Networks_LH_DorsAttn_Post_14,cortex,L,DorsAttn,-25.643427,-57.299311,57.546303,1671.0,28.032548530026155
157,7Networks_LH_DorsAttn_Post_15,cortex,L,DorsAttn,-10.83308,-56.066916,61.709822,2224.0,29.067408019690205
158,7Networks_LH_DorsAttn_Post_16,cortex,L,DorsAttn,-22.005643,-52.31992,63.582239,2775.0,31.760740526216523
159,7Networks_LH_DorsAttn_Post_17,cortex,L,DorsAttn,-14.605745,-48.793112,68.08694,907.0,33.35805000044414
160,7Networks_LH_DorsAttn_FEF_1,cortex,L,DorsAttn,-39.185819,-3.534425,50.662209,2506.0,27.93611883222819
161,7Networks_LH_DorsAttn_FEF_2,cortex,L,DorsAttn,-26.484691,0.69411,54.40916,2945.0,27.53481870304749
162,7Networks_LH_DorsAttn_FEF_3,cortex,L,DorsAttn,-30.305001,-6.656083,51.047224,1466.0,27.28593274646046
163,7Networks_LH_DorsAttn_FEF_4,cortex,L,DorsAttn,-20.402111,3.900017,60.202704,3629.0,29.730080501801318
164,7Networks_LH_DorsAttn_PrCv_1,cortex,L,DorsAttn,-48.202317,6.519466,25.011428,2462.0,24.986336834347412
165,7Networks_LH_DorsAttn_PrCv_2,cortex,L,DorsAttn,-46.967575,1.401234,37.129604,2163.0,26.093253330119605
166,7Networks_LH_SalVentAttn_ParOper_1,cortex,L,SalVentAttn,-51.825075,-33.365951,22.761503,3259.0,22.714157356152178
167,7Networks_LH_SalVentAttn_ParOper_2,cortex,L,SalVentAttn,-55.464299,-42.376425,26.745992,2243.0,25.671541990789514
168,7Networks_LH_SalVentAttn_ParOper_3,cortex,L,SalVentAttn,-59.056786,-23.804491,29.994339,3228.0,26.605674988570563
169,7Networks_LH_SalVentAttn_ParOper_4,cortex,L,SalVentAttn,-58.797972,-34.868487,32.218195,2395.0,27.416178033147823
170,7Networks_LH_SalVentAttn_TempOcc_1,cortex,L,SalVentAttn,-52.708954,-52.959298,8.174487,2904.0,22.889539407632896
171,7Networks_LH_SalVentAttn_FrOperIns_1,cortex,L,SalVentAttn,-44.285899,3.381154,-15.523753,2167.0,18.723091107444606
172,7Networks_LH_SalVentAttn_FrOperIns_2,cortex,L,SalVentAttn,-38.223273,1.731892,-8.53484,3768.0,21.51541712456195
173,7Networks_LH_SalVentAttn_FrOperIns_3,cortex,L,SalVentAttn,-33.194685,25.206805,-1.428825,1619.0,24.2708980425999
174,7Networks_LH_SalVentAttn_FrOperIns_4,cortex,L,SalVentAttn,-40.263612,-13.071184,-3.721863,1866.0,19.371002487558773
175,7Networks_LH_SalVentAttn_FrOperIns_5,cortex,L,SalVentAttn,-33.300087,19.481623,7.625419,1993.0,25.24579582080372
176,7Networks_LH_SalVentAttn_FrOperIns_6,cortex,L,SalVentAttn,-36.073106,5.371878,9.667188,1122.0,24.499962655405735
177,7Networks_LH_SalVentAttn_FrOperIns_7,cortex,L,SalVentAttn,-44.468203,13.464984,3.538973,1289.0,23.24602099404583
178,7Networks_LH_SalVentAttn_FrOperIns_8,cortex,L,SalVentAttn,-49.787899,-0.435574,6.566235,2155.0,21.529133935207003
179,7Networks_LH_SalVentAttn_FrOperIns_9,cortex,L,SalVentAttn,-50.970696,10.650218,12.421912,2617.0,24.59576113113794
180,7Networks_LH_SalVentAttn_PFCl_1,cortex,L,SalVentAttn,-29.715194,42.2218,26.510024,5177.0,30.498992547441777
181,7Networks_LH_SalVentAttn_Med_1,cortex,L,SalVentAttn,-6.775557,18.567366,33.212596,3120.0,20.885323578577776
182,7Networks_LH_SalVentAttn_Med_2,cortex,L,SalVentAttn,-6.784565,-1.637089,41.731652,3040.0,19.53806372818194
183,7Networks_LH_SalVentAttn_Med_3,cortex,L,SalVentAttn,-11.157254,-27.011896,40.935696,2278.0,20.941778626328922
184,7Networks_LH_SalVentAttn_Med_4,cortex,L,SalVentAttn,-6.461125,6.514522,49.10302,3132.0,20.817207714302484
185,7Networks_LH_SalVentAttn_Med_5,cortex,L,SalVentAttn,-11.30089,-40.898094,47.435825,1361.0,25.017812574724342
186,7Networks_LH_SalVentAttn_Med_6,cortex,L,SalVentAttn,-7.938117,-49.333798,57.873906,2074.0,27.591342192146794
187,7Networks_LH_SalVentAttn_Med_7,cortex,L,SalVentAttn,-9.822176,-5.346341,68.256606,1638.0,28.812015788459078
188,7Networks_LH_Limbic_OFC_1,cortex,L,Limbic,-11.894779,22.379735,-20.505017,2446.0,5.401503875717606
189,7Networks_LH_Limbic_OFC_2,cortex,L,Limbic,-21.992458,22.474931,-18.877922,4203.0,10.817734386363314
190,7Networks_LH_Limbic_OFC_3,cortex,L,Limbic,-10.365665,46.240629,-21.137265,4903.0,9.344361101197583
191,7Networks_LH_Limbic_OFC_4,cortex,L,Limbic,-4.298053,17.818918,-18.037576,3084.0,6.644348780777977
192,7Networks_LH_Limbic_OFC_5,cortex,L,Limbic,-16.369824,62.094822,-5.889255,3691.0,16.091825588193245
193,7Networks_LH_Limbic_TempPole_1,cortex,L,Limbic,-37.665729,-4.622361,-40.599989,4998.0,8.406341942847849
194,7Networks_LH_Limbic_TempPole_2,cortex,L,Limbic,-25.082436,3.405789,-37.437097,3186.0,8.687312990782475
195,7Networks_LH_Limbic_TempPole_3,cortex,L,Limbic,-27.263026,-10.86136,-31.668981,2555.0,10.630202138307277
196,7Networks_LH_Limbic_TempPole_4,cortex,L,Limbic,-52.113279,-20.928427,-29.456492,3644.0,6.208104174040282
197,7Networks_LH_Limbic_TempPole_5,cortex,L,Limbic,-40.894976,-20.562342,-25.440781,3152.0,8.779092139096429
198,7Networks_LH_Limbic_TempPole_6,cortex,L,Limbic,-42.360818,11.066857,-33.503152,6058.0,14.836363772898864
199,7Networks_LH_Limbic_TempPole_7,cortex,L,Limbic,-32.977044,10.286803,-27.845032,3392.0,11.46248609150918
200,7Networks_LH_Limbic_TempPole_8,cortex,L,Limbic,-22.004531,-23.398519,-23.661545,1582.0,10.241835961601074
201,7Networks_LH_Cont_Par_1,cortex,L,Cont,-29.331688,-69.721658,40.162026,2154.0,31.187697103317955
202,7Networks_LH_Cont_Par_2,cortex,L,Cont,-56.276252,-40.946425,39.999107,1550.0,31.261286971799787
203,7Networks_LH_Cont_Par_3,cortex,L,Cont,-51.29537,-49.31342,41.848046,2478.0,31.180386965846324
204,7Networks_LH_Cont_Par_4,cortex,L,Cont,-33.359176,-59.128518,43.607426,2594.0,30.70522893054171
205,7Networks_LH_Cont_Par_5,cortex,L,Cont,-40.990548,-51.099147,44.95089,1256.0,31.419118229750616
206,7Networks_LH_Cont_Par_6,cortex,L,Cont,-46.430848,-41.04848,44.878782,2649.0,30.25429806937898
207,7Networks_LH_Cont_Temp_1,cortex,L,Cont,-57.561713,-50.220307,-8.902747,3327.0,14.863448449144286
208,7Networks_LH_Cont_OFC_1,cortex,L,Cont,-26.671603,49.133099,-12.808933,2836.0,18.42666435056748
209,7Networks_LH_Cont_PFCl_1,cortex,L,Cont,-40.986854,46.77625,-4.823172,4475.0,24.36490757777038
210,7Networks_LH_Cont_PFCl_2,cortex,L,Cont,-43.60288,35.933692,10.137543,3065.0,25.38259728013205
211,7Networks_LH_Cont_PFCl_3,cortex,L,Cont,-36.845206,48.132294,11.473822,3717.0,29.37392248451822
212,7Networks_LH_Cont_PFCl_4,cortex,L,Cont,-26.855658,52.440979,13.688234,3238.0,29.20463289221987
213,7Networks_LH_Cont_PFCl_5,cortex,L,Cont,-39.660233,36.999973,20.718456,4403.0,27.406818165931814
214,7Networks_LH_Cont_PFCl_6,cortex,L,Cont,-42.622267,21.455399,25.899478,5773.0,24.715997678081724
215,7Networks_LH_Cont_PFCl_7,cortex,L,Cont,-39.482856,8.489741,33.569861,1920.0,23.719581098357835
216,7Networks_LH_Cont_PFCl_8,cortex,L,Cont,-36.414881,30.222422,34.044059,3118.0,30.132048823422082
217,7Networks_LH_Cont_PFCv_1,cortex,L,Cont,-32.060521,15.382975,-10.291062,1372.0,23.51941998011864
218,7Networks_LH_Cont_pCun_1,cortex,L,Cont,-9.864882,-71.821575,46.192104,2110.0,27.15854397769223
219,7Networks_LH_Cont_pCun_2,cortex,L,Cont,-6.980455,-61.242688,53.171364,2037.0,26.7471025637335
220,7Networks_LH_Cont_Cing_1,cortex,L,Cont,-3.168271,1.044937,30.133453,1143.0,16.434165282929456
221,7Networks_LH_Cont_Cing_2,cortex,L,Cont,-4.304103,-21.742601,28.775127,1000.0,14.261982180595398
222,7Networks_LH_Cont_PFCmp_1,cortex,L,Cont,-5.168215,23.800302,47.228763,3665.0,22.699823435722237
223,7Networks_LH_Default_Temp_1,cortex,L,Default,-51.881677,-2.015283,-29.530362,4224.0,13.259093332809933
224,7Networks_LH_Default_Temp_2,cortex,L,Default,-59.52114,-19.478029,-19.338828,3593.0,11.76939810692617
225,7Networks_LH_Default_Temp_3,cortex,L,Default,-57.368926,-37.980299,-17.781975,4399.0,8.438325042100244
226,7Networks_LH_Default_Temp_4,cortex,L,Default,-54.488245,-11.051578,-14.342195,4126.0,16.607598687281495
227,7Networks_LH_Default_Temp_5,cortex,L,Default,-53.395781,2.616978,-11.475074,3453.0,18.97937371259215
228,7Networks_LH_Default_Temp_6,cortex,L,Default,-57.951685,-36.464391,-3.797215,4103.0,16.237991983007866
229,7Networks_LH_Default_Temp_7,cortex,L,Default,-52.430431,-24.925639,-4.844958,1869.0,15.882454510357624
230,7Networks_LH_Default_Temp_8,cortex,L,Default,-58.683913,-14.541394,-2.607969,1898.0,16.647513294119477
231,7Networks_LH_Default_Temp_9,cortex,L,Default,-59.959241,-33.000974,6.025218,2637.0,17.61964134090454
232,7Networks_LH_Default_Temp_10,cortex,L,Default,-52.482452,-42.68865,5.267535,1869.0,19.838522540623647
233,7Networks_LH_Default_Par_1,cortex,L,Default,-56.235778,-48.229832,16.307606,2029.0,22.944703313621645
234,7Networks_LH_Default_Par_2,cortex,L,Default,-46.814083,-58.169657,19.647777,2312.0,26.273049573172337
235,7Networks_LH_Default_Par_3,cortex,L,Default,-39.756208,-76.081389,28.31127,3700.0,30.543572399036304
236,7Networks_LH_Default_Par_4,cortex,L,Default,-46.230503,-62.515347,30.114476,3710.0,28.76826755904123
237,7Networks_LH_Default_Par_5,cortex,L,Default,-54.185798,-52.500166,28.523707,3037.0,28.125663611619615
238,7Networks_LH_Default_Par_6,cortex,L,Default,-38.838218,-69.752824,41.48415,3557.0,30.436553175408484
239,7Networks_LH_Default_Par_7,cortex,L,Default,-45.93242,-58.332069,43.097517,2409.0,30.53382573458306
240,7Networks_LH_Default_PFC_1,cortex,L,Default,-32.643428,20.642412,-15.812213,3355.0,18.05371289004512
241,7Networks_LH_Default_PFC_2,cortex,L,Default,-34.009268,36.513538,-12.532181,1808.0,21.240894686595528
242,7Networks_LH_Default_PFC_3,cortex,L,Default,-5.865077,54.056116,-9.095926,2835.0,18.680613017544754
243,7Networks_LH_Default_PFC_4,cortex,L,Default,-5.882449,34.782372,-9.374053,3676.0,13.262410096945779
244,7Networks_LH_Default_PFC_5,cortex,L,Default,-45.265206,31.95898,-8.698243,2553.0,20.555889672967812
245,7Networks_LH_Default_PFC_6,cortex,L,Default,-28.604986,55.386386,1.955806,2539.0,24.321698902816742
246,7Networks_LH_Default_PFC_7,cortex,L,Default,-46.61034,29.123615,1.932849,3115.0,23.56723897238987
247,7Networks_LH_Default_PFC_8,cortex,L,Default,-7.654597,57.135959,8.608778,1999.0,24.00635313546437
248,7Networks_LH_Default_PFC_9,cortex,L,Default,-7.308672,44.188264,7.378125,4263.0,22.70774565989105
249,7Networks_LH_Default_PFC_10,cortex,L,Default,-50.221834,22.030915,10.917105,4058.0,25.356723846973253
250,7Networks_LH_Default_PFC_11,cortex,L,Default,-16.651191,62.982369,10.773049,2678.0,24.326881818222947
251,7Networks_LH_Default_PFC_12,cortex,L,Default,-6.242512,32.019376,22.697983,3642.0,21.465829201414977
252,7Networks_LH_Default_PFC_13,cortex,L,Default,-6.126354,48.354824,29.052263,6330.0,25.128634805965575
253,7Networks_LH_Default_PFC_14,cortex,L,Default,-14.508859,53.506492,30.077966,3765.0,30.843034657634114
254,7Networks_LH_Default_PFC_15,cortex,L,Default,-22.051411,47.694138,27.285891,3346.0,30.634512237211364
255,7Networks_LH_Default_PFC_16,cortex,L,Default,-26.64803,29.68764,39.472945,2194.0,28.909033238072773
256,7Networks_LH_Default_PFC_17,cortex,L,Default,-38.052967,16.225957,45.062451,4307.0,28.947548411245105
257,7Networks_LH_Default_PFC_18,cortex,L,Default,-9.312829,38.880357,48.804499,1905.0,30.15077173528396
258,7Networks_LH_Default_PFC_19,cortex,L,Default,-19.068882,34.638116,42.099434,2128.0,29.01014572247527
259,7Networks_LH_Default_PFC_20,cortex,L,Default,-40.178396,4.706298,46.61688,3289.0,26.97183407545452
260,7Networks_LH_Default_PFC_21,cortex,L,Default,-29.596642,15.42807,51.324777,2234.0,29.75791493930663
261,7Networks_LH_Default_PFC_22,cortex,L,Default,-21.635053,19.569553,49.412224,2003.0,28.613786292683166
262,7Networks_LH_Default_PFC_23,cortex,L,Default,-11.622978,20.461203,59.63902,3089.0,29.24251565843695
263,7Networks_LH_Default_PFC_24,cortex,L,Default,-7.076464,6.638432,64.167957,3270.0,25.950182224122027
264,7Networks_LH_Default_pCunPCC_1,cortex,L,Default,-7.049149,-49.874636,9.02603,1375.0,19.493988036415793
265,7Networks_LH_Default_pCunPCC_2,cortex,L,Default,-13.123215,-60.068015,15.999065,2153.0,22.755794801548145
266,7Networks_LH_Default_pCunPCC_3,cortex,L,Default,-4.456325,-52.098533,20.528513,1691.0,21.02932464378533
267,7Networks_LH_Default_pCunPCC_4,cortex,L,Default,-5.533658,-38.8285,23.978792,679.0,17.352789847945605
268,7Networks_LH_Default_pCunPCC_5,cortex,L,Default,-10.432089,-67.964924,31.397938,2054.0,25.41284885425066
269,7Networks_LH_Default_pCunPCC_6,cortex,L,Default,-6.169966,-58.928314,31.175088,2807.0,23.362361780893007
270,7Networks_LH_Default_pCunPCC_7,cortex,L,Default,-7.676651,-43.761301,34.026759,2021.0,20.98636860920615
271,7Networks_LH_Default_pCunPCC_8,cortex,L,Default,-3.447797,-31.624012,37.755139,1792.0,20.597911028989724
272,7Networks_LH_Default_pCunPCC_9,cortex,L,Default,-2.432894,-15.738284,37.660927,1539.0,18.39301958697581
273,7Networks_LH_Default_pCunPCC_10,cortex,L,Default,-4.895415,-65.936533,43.853772,1190.0,24.60170470806731
274,7Networks_LH_Default_pCunPCC_11,cortex,L,Default,-7.078494,-50.250005,44.592336,3095.0,23.808452196691263
275,7Networks_RH_Vis_1,cortex,R,Vis,35.251705,-36.758418,-21.848853,2934.0,13.726392893703437
276,7Networks_RH_Vis_2,cortex,R,Vis,30.860095,-32.040556,-17.291092,2806.0,16.579050298766926
277,7Networks_RH_Vis_3,cortex,R,Vis,35.787628,-55.495023,-16.654692,2725.0,17.637043893796587
278,7Networks_RH_Vis_4,cortex,R,Vis,33.109025,-75.209489,-12.663312,3045.0,20.295734702581647
279,7Networks_RH_Vis_5,cortex,R,Vis,26.59986,-51.769271,-8.602461,3603.0,19.23352452949653
280,7Networks_RH_Vis_6,cortex,R,Vis,20.882446,-72.869103,-8.460266,4391.0,20.728286811144034
281,7Networks_RH_Vis_7,cortex,R,Vis,17.565823,-35.701742,-10.708619,1078.0,14.182731023745989
282,7Networks_RH_Vis_8,cortex,R,Vis,18.703391,-86.517981,-9.833509,2207.0,23.27688972108441
283,7Networks_RH_Vis_9,cortex,R,Vis,46.510036,-66.093507,-6.339815,4487.0,19.144017455039588
284,7Networks_RH_Vis_10,cortex,R,Vis,38.965553,-83.648361,-8.433251,2148.0,19.222049525330185
285,7Networks_RH_Vis_11,cortex,R,Vis,8.407838,-71.95267,-0.536727,2630.0,19.746501915355147
286,7Networks_RH_Vis_12,cortex,R,Vis,13.739343,-56.317718,-3.21018,2769.0,17.266364856677264
287,7Networks_RH_Vis_13,cortex,R,Vis,25.87231,-93.838901,-6.883617,3450.0,22.847458022020867
288,7Networks_RH_Vis_14,cortex,R,Vis,17.512862,-44.902476,-2.501259,1730.0,15.781568368459713
289,7Networks_RH_Vis_15,cortex,R,Vis,11.32164,-91.363218,-1.12434,5861.0,23.225995320221035
290,7Networks_RH_Vis_16,cortex,R,Vis,46.262812,-67.094588,7.058583,5082.0,22.345041880969784
291,7Networks_RH_Vis_17,cortex,R,Vis,13.035057,-44.447783,2.851146,973.0,17.11279126625022
292,7Networks_RH_Vis_18,cortex,R,Vis,34.285732,-85.653356,5.023861,3054.0,28.19707898775112
293,7Networks_RH_Vis_19,cortex,R,Vis,10.909008,-74.902201,8.86604,5048.0,22.103561090025018
294,7Networks_RH_Vis_20,cortex,R,Vis,22.081931,-59.527185,5.967709,2544.0,19.543070058777648
295,7Networks_RH_Vis_21,cortex,R,Vis,23.183106,-96.377404,7.807159,2453.0,29.840239448251893
296,7Networks_RH_Vis_22,cortex,R,Vis,41.571648,-77.247025,13.445206,4590.0,28.18641909534895
297,7Networks_RH_Vis_23,cortex,R,Vis,14.438062,-91.805645,17.745478,3764.0,29.730023075239565
298,7Networks_RH_Vis_24,cortex,R,Vis,16.227837,-66.540214,19.012325,2637.0,22.751127866167078
299,7Networks_RH_Vis_25,cortex,R,Vis,6.397375,-81.836537,21.500883,2466.0,24.55786098006868
300,7Networks_RH_Vis_26,cortex,R,Vis,27.627038,-84.511006,20.665389,3733.0,31.92747429909797
301,7Networks_RH_Vis_27,cortex,R,Vis,34.987015,-76.32115,24.18676,2401.0,31.98962917510592
302,7Networks_RH_Vis_28,cortex,R,Vis,16.370766,-75.165792,33.484881,2826.0,27.7467397465743
303,7Networks_RH_Vis_29,cortex,R,Vis,18.799772,-83.076987,35.965771,3410.0,31.010512380795745
304,7Networks_RH_Vis_30,cortex,R,Vis,27.118284,-73.868188,38.070369,2551.0,32.33505451496981
305,7Networks_RH_SomMot_1,cortex,R,SomMot,53.412573,-0.142202,-4.738419,3905.0,19.428332781577996
306,7Networks_RH_SomMot_2,cortex,R,SomMot,60.265487,-22.066543,1.284229,3220.0,19.372105920981177
307,7Networks_RH_SomMot_3,cortex,R,SomMot,53.713166,-16.495229,6.790221,3460.0,18.44346525930945
308,7Networks_RH_SomMot_4,cortex,R,SomMot,41.264244,-16.698222,1.803041,1224.0,21.489810141083463
309,7Networks_RH_SomMot_5,cortex,R,SomMot,38.351444,-6.548187,12.651326,967.0,23.359643633387822
310,7Networks_RH_SomMot_6,cortex,R,SomMot,35.87966,-20.013992,12.959327,832.0,22.181903882668568
311,7Networks_RH_SomMot_7,cortex,R,SomMot,59.820864,-27.527691,12.315919,2511.0,19.993580540543483
312,7Networks_RH_SomMot_8,cortex,R,SomMot,60.280989,-36.90347,13.292095,2017.0,21.3798405293137
313,7Networks_RH_SomMot_9,cortex,R,SomMot,41.108434,-12.620694,18.069325,858.0,22.433408971710918
314,7Networks_RH_SomMot_10,cortex,R,SomMot,42.153609,-28.871367,18.176473,1987.0,21.941483902223275
315,7Networks_RH_SomMot_11,cortex,R,SomMot,50.109539,-11.098916,14.476703,1161.0,23.346691548054224
316,7Networks_RH_SomMot_12,cortex,R,SomMot,57.391888,-0.315598,10.817354,2054.0,23.08238412714051
317,7Networks_RH_SomMot_13,cortex,R,SomMot,49.188903,-21.529051,19.149807,1355.0,23.223129362549727
318,7Networks_RH_SomMot_14,cortex,R,SomMot,60.82904,-12.26689,16.372525,1396.0,23.794897837761823
319,7Networks_RH_SomMot_15,cortex,R,SomMot,58.5637,4.292891,29.40592,1257.0,25.75126083407406
320,7Networks_RH_SomMot_16,cortex,R,SomMot,57.335481,-6.764299,26.836693,3751.0,24.24239393858171
321,7Networks_RH_SomMot_17,cortex,R,SomMot,59.57334,-15.799216,31.165486,1974.0,27.025050549763193
322,7Networks_RH_SomMot_18,cortex,R,SomMot,49.237935,-7.420007,35.253792,2033.0,23.697712483103498
323,7Networks_RH_SomMot_19,cortex,R,SomMot,54.063317,-18.238871,40.546952,1090.0,27.129766067014923
324,7Networks_RH_SomMot_20,cortex,R,SomMot,9.869735,-15.493812,41.859813,1375.0,19.759256862987172
325,7Networks_RH_SomMot_21,cortex,R,SomMot,50.208183,-14.320459,45.997614,1435.0,25.705278889725847
326,7Networks_RH_SomMot_22,cortex,R,SomMot,42.940419,-10.769946,45.542156,1822.0,25.42942947718498
327,7Networks_RH_SomMot_23,cortex,R,SomMot,46.633354,-25.463642,52.793755,2608.0,26.39255138774591
328,7Networks_RH_SomMot_24,cortex,R,SomMot,8.018089,-8.441152,49.797057,3085.0,20.623564071902578
329,7Networks_RH_SomMot_25,cortex,R,SomMot,40.362453,-21.464716,50.335258,1491.0,26.0267333549433
330,7Networks_RH_SomMot_26,cortex,R,SomMot,34.456062,-18.582128,58.85463,3115.0,25.517392510893256
331,7Networks_RH_SomMot_27,cortex,R,SomMot,33.126482,-34.028314,59.288644,1377.0,30.812078568757055
332,7Networks_RH_SomMot_28,cortex,R,SomMot,30.843492,-40.685374,58.632125,1917.0,33.9586190923652
333,7Networks_RH_SomMot_29,cortex,R,SomMot,33.076653,-27.774327,57.979893,1577.0,27.530400914184337
334,7Networks_RH_SomMot_30,cortex,R,SomMot,5.349953,-24.310275,56.38556,2239.0,22.62434376558591
335,7Networks_RH_SomMot_31,cortex,R,SomMot,26.720946,-11.417304,62.170894,2031.0,29.313108793565757
336,7Networks_RH_SomMot_32,cortex,R,SomMot,10.27198,-41.024358,65.138924,2054.0,29.659844258743924
337,7Networks_RH_SomMot_33,cortex,R,SomMot,20.315374,-25.386765,62.760219,999.0,28.4791755065307
338,7Networks_RH_SomMot_34,cortex,R,SomMot,20.778733,-30.308039,63.567587,1062.0,31.4593209034979
339,7Networks_RH_SomMot_35,cortex,R,SomMot,22.762181,-35.476787,67.167312,1246.0,34.764690546124555
340,7Networks_RH_SomMot_36,cortex,R,SomMot,14.174788,-10.08022,69.34586,1796.0,30.378351720244954
341,7Networks_RH_SomMot_37,cortex,R,SomMot,15.386821,-47.342124,68.427384,1955.0,36.509258504413886
342,7Networks_RH_SomMot_38,cortex,R,SomMot,5.485554,-24.189229,68.180419,2136.0,26.440378920415814
343,7Networks_RH_SomMot_39,cortex,R,SomMot,14.689132,-21.763062,70.773783,2202.0,30.577837971748817
344,7Networks_RH_SomMot_40,cortex,R,SomMot,12.24964,-34.823056,72.689658,1156.0,31.669161739646356
345,7Networks_RH_DorsAttn_Post_1,cortex,R,DorsAttn,47.494497,-50.26444,-15.321684,5818.0,13.914114577780888
346,7Networks_RH_DorsAttn_Post_2,cortex,R,DorsAttn,55.081301,-55.546534,1.267018,2743.0,19.048778714726886
347,7Networks_RH_DorsAttn_Post_3,cortex,R,DorsAttn,49.856934,-56.242831,11.957641,2663.0,23.350017565155316
348,7Networks_RH_DorsAttn_Post_4,cortex,R,DorsAttn,42.433064,-73.896708,30.814773,3382.0,32.016775487091046
349,7Networks_RH_DorsAttn_Post_5,cortex,R,DorsAttn,30.633821,-67.237989,34.583038,2181.0,30.267003789181995
350,7Networks_RH_DorsAttn_Post_6,cortex,R,DorsAttn,54.544286,-24.89073,41.393334,1327.0,30.19126602034867
351,7Networks_RH_DorsAttn_Post_7,cortex,R,DorsAttn,16.393377,-72.59055,47.032047,1054.0,30.30709892251234
352,7Networks_RH_DorsAttn_Post_8,cortex,R,DorsAttn,40.32984,-38.360377,43.470862,1789.0,29.869360027665063
353,7Networks_RH_DorsAttn_Post_9,cortex,R,DorsAttn,44.84524,-28.360271,42.513251,1699.0,28.367182439183264
354,7Networks_RH_DorsAttn_Post_10,cortex,R,DorsAttn,28.576507,-61.123051,48.662812,1716.0,32.35430970781055
355,7Networks_RH_DorsAttn_Post_11,cortex,R,DorsAttn,35.793119,-45.551138,44.788534,2379.0,29.259578604616003
356,7Networks_RH_DorsAttn_Post_12,cortex,R,DorsAttn,20.699654,-66.009545,52.91186,2962.0,30.614744145189242
357,7Networks_RH_DorsAttn_Post_13,cortex,R,DorsAttn,37.151616,-36.80364,48.649441,1757.0,29.63836797910722
358,7Networks_RH_DorsAttn_Post_14,cortex,R,DorsAttn,32.620486,-50.180372,51.174049,3113.0,31.48381149642459
359,7Networks_RH_DorsAttn_Post_15,cortex,R,DorsAttn,9.564914,-67.03079,52.898806,2235.0,28.30948050496829
360,7Networks_RH_DorsAttn_Post_16,cortex,R,DorsAttn,25.985875,-55.74425,58.448246,3204.0,31.412808006920024
361,7Networks_RH_DorsAttn_Post_17,cortex,R,DorsAttn,7.875925,-53.8135,58.603773,4108.0,29.34753237796735
362,7Networks_RH_DorsAttn_Post_18,cortex,R,DorsAttn,13.900612,-60.293739,60.783391,2070.0,32.779416345052674
363,7Networks_RH_DorsAttn_Post_19,cortex,R,DorsAttn,24.398309,-48.220164,63.916574,2890.0,34.10357733729801
364,7Networks_RH_DorsAttn_FEF_1,cortex,R,DorsAttn,38.528561,-3.214868,50.904784,2588.0,26.765044914699597
365,7Networks_RH_DorsAttn_FEF_2,cortex,R,DorsAttn,27.046515,-3.05684,53.325289,2385.0,26.576547636276022
366,7Networks_RH_DorsAttn_FEF_3,cortex,R,DorsAttn,21.319122,-3.991898,63.216754,1273.0,28.003721455935878
367,7Networks_RH_DorsAttn_PrCv_1,cortex,R,DorsAttn,49.452173,7.762169,25.156466,3134.0,24.177260030662474
368,7Networks_RH_SalVentAttn_TempOccPar_1,cortex,R,SalVentAttn,54.882543,-47.987556,9.351047,2037.0,20.575315375274222
369,7Networks_RH_SalVentAttn_TempOccPar_2,cortex,R,SalVentAttn,51.999023,-42.643433,13.316433,1460.0,22.01861433068367
370,7Networks_RH_SalVentAttn_TempOccPar_3,cortex,R,SalVentAttn,56.764198,-43.125784,22.675902,1438.0,24.71127732904299
371,7Networks_RH_SalVentAttn_TempOccPar_4,cortex,R,SalVentAttn,56.398879,-33.049157,24.772329,2755.0,24.87660693464608
372,7Networks_RH_SalVentAttn_TempOccPar_5,cortex,R,SalVentAttn,57.875823,-22.320578,24.754605,2411.0,24.711045551576934
373,7Networks_RH_SalVentAttn_TempOccPar_6,cortex,R,SalVentAttn,59.645908,-30.234012,36.466051,2410.0,28.492996160420144
374,7Networks_RH_SalVentAttn_TempOccPar_7,cortex,R,SalVentAttn,56.034536,-41.994846,36.306428,2719.0,29.476217700611716
375,7Networks_RH_SalVentAttn_PrC_1,cortex,R,SalVentAttn,48.243604,2.928549,39.593037,2561.0,24.952742104044376
376,7Networks_RH_SalVentAttn_FrOperIns_1,cortex,R,SalVentAttn,39.213057,5.465085,-17.569565,2269.0,18.132215469195593
377,7Networks_RH_SalVentAttn_FrOperIns_2,cortex,R,SalVentAttn,39.658119,9.942144,-5.604713,2104.0,23.000712479928602
378,7Networks_RH_SalVentAttn_FrOperIns_3,cortex,R,SalVentAttn,40.303522,-6.364203,-8.011022,2053.0,21.996740588779513
379,7Networks_RH_SalVentAttn_FrOperIns_4,cortex,R,SalVentAttn,39.386513,2.601228,2.364441,1384.0,24.463930557228927
380,7Networks_RH_SalVentAttn_FrOperIns_5,cortex,R,SalVentAttn,37.274558,22.495904,5.190173,3487.0,22.308568196341817
381,7Networks_RH_SalVentAttn_FrOperIns_6,cortex,R,SalVentAttn,38.101104,5.788567,10.858131,1230.0,24.67826501179517
382,7Networks_RH_SalVentAttn_FrOperIns_7,cortex,R,SalVentAttn,49.492595,5.357218,4.808006,2449.0,23.137257026915357
383,7Networks_RH_SalVentAttn_FrOperIns_8,cortex,R,SalVentAttn,52.629033,12.502591,12.324283,2565.0,24.81540433723792
384,7Networks_RH_SalVentAttn_PFCl_1,cortex,R,SalVentAttn,32.398763,42.897544,25.616167,5188.0,27.7174929182807
385,7Networks_RH_SalVentAttn_Med_1,cortex,R,SalVentAttn,7.271304,16.235051,36.33049,4518.0,21.63126129384271
386,7Networks_RH_SalVentAttn_Med_2,cortex,R,SalVentAttn,6.870458,0.380977,41.883922,3572.0,20.44386645153682
387,7Networks_RH_SalVentAttn_Med_3,cortex,R,SalVentAttn,10.862871,-31.153339,42.004201,1971.0,22.875856151803383
388,7Networks_RH_SalVentAttn_Med_4,cortex,R,SalVentAttn,6.820002,9.667658,54.399095,1775.0,23.230151888350367
389,7Networks_RH_SalVentAttn_Med_5,cortex,R,SalVentAttn,11.160546,-43.278329,52.262064,1357.0,26.462590604822864
390,7Networks_RH_SalVentAttn_Med_6,cortex,R,SalVentAttn,11.553346,-30.759888,48.406104,1497.0,22.432688038430378
391,7Networks_RH_SalVentAttn_Med_7,cortex,R,SalVentAttn,6.823871,-3.834321,64.063719,2485.0,26.020241277990205
392,7Networks_RH_SalVentAttn_Med_8,cortex,R,SalVentAttn,14.639178,3.505147,67.750608,1314.0,28.49422144345497
393,7Networks_RH_Limbic_OFC_1,cortex,R,Limbic,13.178445,19.964661,-19.7053,2539.0,5.373664903190015
394,7Networks_RH_Limbic_OFC_2,cortex,R,Limbic,22.863285,23.949494,-18.512008,2823.0,8.344032592313999
395,7Networks_RH_Limbic_OFC_3,cortex,R,Limbic,8.314161,43.744453,-22.50215,2986.0,8.152795842407697
396,7Networks_RH_Limbic_OFC_4,cortex,R,Limbic,20.159297,44.461886,-17.160891,1845.0,10.300834187453356
397,7Networks_RH_Limbic_OFC_5,cortex,R,Limbic,4.923859,17.716858,-19.676647,2482.0,6.008695988862578
398,7Networks_RH_Limbic_OFC_6,cortex,R,Limbic,9.329273,61.325559,-13.214411,2598.0,14.981767069843754
399,7Networks_RH_Limbic_TempPole_1,cortex,R,Limbic,28.680105,-2.212003,-38.17499,5576.0,9.380839054262964
400,7Networks_RH_Limbic_TempPole_2,cortex,R,Limbic,49.797414,-8.567426,-36.050448,4643.0,7.434298670499869
401,7Networks_RH_Limbic_TempPole_3,cortex,R,Limbic,37.054689,13.895415,-36.385638,3160.0,9.36545669911783
402,7Networks_RH_Limbic_TempPole_4,cortex,R,Limbic,40.469272,-15.4478,-29.725803,3766.0,9.782659026579976
403,7Networks_RH_Limbic_TempPole_5,cortex,R,Limbic,30.073447,8.594903,-27.789678,3732.0,9.036169856179821
404,7Networks_RH_Limbic_TempPole_6,cortex,R,Limbic,48.88094,-29.314207,-24.315578,3450.0,6.612729244646819
405,7Networks_RH_Limbic_TempPole_7,cortex,R,Limbic,24.262669,-19.367873,-26.102817,2312.0,9.184245190818418
406,7Networks_RH_Cont_Par_1,cortex,R,Cont,49.262445,-55.132952,42.144483,3468.0,30.184431039200796
407,7Networks_RH_Cont_Par_2,cortex,R,Cont,50.287592,-46.132659,44.135887,2052.0,30.994279917220624
408,7Networks_RH_Cont_Par_3,cortex,R,Cont,34.075124,-65.123787,41.060175,2177.0,33.09476710920987
409,7Networks_RH_Cont_Par_4,cortex,R,Cont,49.646164,-36.029181,45.545607,1395.0,30.271502773052475
410,7Networks_RH_Cont_Par_5,cortex,R,Cont,42.827951,-45.720442,43.923496,1255.0,31.140418351313983
411,7Networks_RH_Cont_Par_6,cortex,R,Cont,38.391121,-55.309507,44.966932,2835.0,31.669426307476385
412,7Networks_RH_Cont_Temp_1,cortex,R,Cont,59.741982,-32.033437,-17.788309,4452.0,9.601451768279611
413,7Networks_RH_Cont_Temp_2,cortex,R,Cont,59.717989,-46.104706,-7.609418,3673.0,13.099496356674347
414,7Networks_RH_Cont_PFCv_1,cortex,R,Cont,33.536712,21.285717,-8.115381,1673.0,20.878297958556434
415,7Networks_RH_Cont_PFCl_1,cortex,R,Cont,26.791859,54.842645,-12.080536,3324.0,15.710691606668503
416,7Networks_RH_Cont_PFCl_2,cortex,R,Cont,40.500951,50.260231,-4.281327,4081.0,20.747544105775624
417,7Networks_RH_Cont_PFCl_3,cortex,R,Cont,27.050794,56.893936,3.369109,7218.0,24.233605618554822
418,7Networks_RH_Cont_PFCl_4,cortex,R,Cont,45.134683,39.20703,5.891746,2277.0,21.606283770876598
419,7Networks_RH_Cont_PFCl_5,cortex,R,Cont,39.997503,44.290453,14.773317,5134.0,24.401454447399654
420,7Networks_RH_Cont_PFCl_6,cortex,R,Cont,45.401279,30.44971,17.933213,2325.0,22.358640625656292
421,7Networks_RH_Cont_PFCl_7,cortex,R,Cont,45.560187,17.507987,24.129851,2242.0,23.859135848087035
422,7Networks_RH_Cont_PFCl_8,cortex,R,Cont,25.003186,52.525574,21.491182,3258.0,28.480921027556455
423,7Networks_RH_Cont_PFCl_9,cortex,R,Cont,43.870647,28.094728,26.78591,3209.0,23.387477759447155
424,7Networks_RH_Cont_PFCl_10,cortex,R,Cont,40.602103,11.225842,32.821863,2750.0,22.662410724293103
425,7Networks_RH_Cont_PFCl_11,cortex,R,Cont,37.959126,29.899234,35.79773,3010.0,26.901949002972472
426,7Networks_RH_Cont_PFCl_12,cortex,R,Cont,41.235003,17.396405,40.284145,4138.0,25.507436362368406
427,7Networks_RH_Cont_PFCl_13,cortex,R,Cont,41.06886,6.545038,46.0214,2309.0,25.481560348999764
428,7Networks_RH_Cont_PFCl_14,cortex,R,Cont,34.048883,13.299317,51.96845,4195.0,27.336963754956287
429,7Networks_RH_Cont_PFCl_15,cortex,R,Cont,24.047375,7.530252,57.276121,3527.0,26.696124215554608
430,7Networks_RH_Cont_pCun_1,cortex,R,Cont,12.622115,-68.729979,38.390032,2471.0,26.222296851021902
431,7Networks_RH_Cont_pCun_2,cortex,R,Cont,6.425243,-62.751857,45.715607,1704.0,24.728320333879317
432,7Networks_RH_Cont_Cing_1,cortex,R,Cont,6.157093,-25.269273,27.669732,1170.0,14.127424628917987
433,7Networks_RH_Cont_Cing_2,cortex,R,Cont,4.663022,-2.853045,30.389762,947.0,16.871216757874052
434,7Networks_RH_Cont_PFCmp_1,cortex,R,Cont,8.557591,34.192958,26.131141,3487.0,23.281040583567595
435,7Networks_RH_Cont_PFCmp_2,cortex,R,Cont,5.908179,26.138708,47.336307,2635.0,24.006527349482905
436,7Networks_RH_Default_Par_1,cortex,R,Default,51.848801,-48.765085,19.444589,1570.0,23.94365428390017
437,7Networks_RH_Default_Par_2,cortex,R,Default,46.927709,-64.444091,21.037126,3763.0,27.429057546286643
438,7Networks_RH_Default_Par_3,cortex,R,Default,50.564768,-56.074895,25.843074,3743.0,26.572457816235815
439,7Networks_RH_Default_Par_4,cortex,R,Default,53.785974,-49.641015,30.60286,1851.0,27.819659052250643
440,7Networks_RH_Default_Par_5,cortex,R,Default,44.766936,-64.654681,37.615437,3437.0,30.71668806095473
441,7Networks_RH_Default_Temp_1,cortex,R,Default,49.695457,5.907359,-30.97421,4435.0,12.485018229027611
442,7Networks_RH_Default_Temp_2,cortex,R,Default,59.953167,-12.029719,-21.266657,4737.0,13.896119651548817
443,7Networks_RH_Default_Temp_3,cortex,R,Default,48.992044,13.247086,-19.043428,3093.0,16.36103800358296
444,7Networks_RH_Default_Temp_4,cortex,R,Default,53.599419,-6.679609,-13.58345,4734.0,17.917929130009473
445,7Networks_RH_Default_Temp_5,cortex,R,Default,61.244759,-28.553382,-5.769721,2674.0,17.63829310758843
446,7Networks_RH_Default_Temp_6,cortex,R,Default,49.945883,-23.695326,-5.712176,1215.0,18.805884595957313
447,7Networks_RH_Default_Temp_7,cortex,R,Default,59.714318,-40.913385,1.660637,1539.0,18.720296975619767
448,7Networks_RH_Default_Temp_8,cortex,R,Default,50.915905,-35.864676,3.885929,2479.0,20.173601879521502
449,7Networks_RH_Default_PFCv_1,cortex,R,Default,32.614421,22.463342,-16.636599,2789.0,13.958156936012232
450,7Networks_RH_Default_PFCv_2,cortex,R,Default,34.609733,38.933774,-12.115775,2264.0,17.125133379819957
451,7Networks_RH_Default_PFCv_3,cortex,R,Default,47.077059,32.945917,-5.695032,3995.0,18.51829497476991
452,7Networks_RH_Default_PFCv_4,cortex,R,Default,51.374386,24.746904,9.200633,4172.0,23.35412250406333
453,7Networks_RH_Default_PFCdPFCm_1,cortex,R,Default,5.433645,38.058632,-10.039126,5339.0,14.632343666543226
454,7Networks_RH_Default_PFCdPFCm_2,cortex,R,Default,10.206421,64.752757,2.314336,2543.0,21.06384499242725
455,7Networks_RH_Default_PFCdPFCm_3,cortex,R,Default,8.086521,42.795263,4.436339,3908.0,22.38043201250332
456,7Networks_RH_Default_PFCdPFCm_4,cortex,R,Default,8.097958,52.252681,14.510655,4657.0,24.941141418103165
457,7Networks_RH_Default_PFCdPFCm_5,cortex,R,Default,15.685447,61.823414,17.488264,3189.0,27.036058907973874
458,7Networks_RH_Default_PFCdPFCm_6,cortex,R,Default,4.945409,21.274367,21.094307,1335.0,19.613828058278514
459,7Networks_RH_Default_PFCdPFCm_7,cortex,R,Default,7.326348,53.379416,30.581518,2440.0,28.416988844167992
460,7Networks_RH_Default_PFCdPFCm_8,cortex,R,Default,17.692091,49.06398,34.281404,2939.0,29.854175280778332
461,7Networks_RH_Default_PFCdPFCm_9,cortex,R,Default,5.892938,41.127885,38.292879,2274.0,27.26488293569761
462,7Networks_RH_Default_PFCdPFCm_10,cortex,R,Default,25.984994,33.100825,39.272046,3250.0,26.248450315622183
463,7Networks_RH_Default_PFCdPFCm_11,cortex,R,Default,13.011394,37.032819,49.877003,3622.0,28.401540430259598
464,7Networks_RH_Default_PFCdPFCm_12,cortex,R,Default,23.331405,22.102399,49.895004,3086.0,25.75995764543851
465,7Networks_RH_Default_PFCdPFCm_13,cortex,R,Default,12.436122,17.317181,61.451511,3219.0,27.201101499227455
466,7Networks_RH_Default_pCunPCC_1,cortex,R,Default,12.018099,-52.954822,13.04451,3109.0,20.921717540057536
467,7Networks_RH_Default_pCunPCC_2,cortex,R,Default,6.602964,-42.830414,20.115295,454.0,17.56455924122344
468,7Networks_RH_Default_pCunPCC_3,cortex,R,Default,16.828993,-62.827333,26.375826,1290.0,23.908215073282406
469,7Networks_RH_Default_pCunPCC_4,cortex,R,Default,5.78117,-51.25224,24.173716,2152.0,20.7895529478456
470,7Networks_RH_Default_pCunPCC_5,cortex,R,Default,5.546223,-64.296586,32.317608,1397.0,23.674979191468115
471,7Networks_RH_Default_pCunPCC_6,cortex,R,Default,6.140819,-37.454201,35.190668,2835.0,20.138421313977116
472,7Networks_RH_Default_pCunPCC_7,cortex,R,Default,3.304744,-19.190675,36.593041,2047.0,18.913377818213363
473,7Networks_RH_Default_pCunPCC_8,cortex,R,Default,10.424082,-51.204606,37.010348,1402.0,22.58722707038259
474,7Networks_RH_Default_pCunPCC_9,cortex,R,Default,7.629016,-48.317794,45.904152,1991.0,24.023793849437336
475,R-Thalamus-Proper,subcortex,R,,11.767,-17.389,6.5246,,
476,R-Caudate,subcortex,R,,13.666,9.8936,9.9944,,
477,R-Putamen,subcortex,R,,24.602,2.8788,-1.6282,,
478,R-Pallidum,subcortex,R,,21.152,-4.2456,-1.0409,,
479,R-Hippocampus,subcortex,R,,26.132,-21.716,-13.724,,
480,R-Amygdala,subcortex,R,,23.445,-1.5834,-20.571,,
481,R-Accumbens-area,subcortex,R,,-12.271,18.57,-17.167,,
482,R-Cereb-Ctx,subcortex,R,,,,,,
